reference,condition,value_delta,cpa_delta,underdelivery_delta_pp,lower_binding_delta_pp,upper_binding_delta_pp,positive_seed_share,seeds
dual,down_only,2220.676873790288,-2.9282421951595987,8.214652326182872,-30.82267823216129,-15.644329735611857,1.0,4
dual,symmetric,2435.0493607077055,-2.8318621416809204,5.71954828044382,-30.995571919831345,-26.783918589594258,1.0,4
dual,up_only,476.9287515833762,-0.6865352536668086,1.0075073944007151,-7.016982143920852,-16.93032374469388,1.0,4
pid,down_only,4666.434206844118,-3.729612508551339,8.392646344817495,-36.8599388652826,-23.952115606137042,1.0,4
pid,symmetric,4770.611676955763,-3.741879267109934,7.975944159272783,-39.686062732005695,-37.20967186515071,1.0,4
pid,up_only,362.0483832369673,-0.2156425383176379,-0.9945996240806374,-8.91065093834056,-23.024497857209013,1.0,4
response,down_only,-1623.3185482690214,-0.49553582901236504,11.12432328652264,-27.593152064451157,-5.435693941151687,0.0,4
response,symmetric,1029.7543248094807,0.2786888200499644,-7.334035495322046,-27.593152064451157,-43.04035609409753,1.0,4
response,up_only,2359.818883979036,0.5919299060547007,-16.629425995628782,-0.02509864894011532,-40.21629837211793,1.0,4
smoothed,down_only,3576.2996688324765,-4.477061524310947,21.21574745959564,-65.72223490823424,-14.034804147169936,1.0,4
smoothed,symmetric,5285.10591111976,-4.5976657893643855,14.805054281689083,-65.72223490823424,-25.089423459061997,1.0,4
smoothed,up_only,-221.43301673773476,0.1356665833347206,-0.2971443597710858,-9.035484706371484,-19.046814503664145,0.0,4
traffic,down_only,7123.008765280119,-6.768280478732732,16.805932471939037,-76.82002396882415,3.3952732888603974,1.0,4
traffic,symmetric,7482.255417937711,-6.655180331743782,13.74713226673773,-77.56406077824775,-15.400250882014351,1.0,4
traffic,up_only,83.27485565698953,-0.0805321325119368,-0.015003060734400001,-1.3307684851239983,-11.746865525966577,1.0,4
