reference,information_view,exclusive_efficiency_delta,exclusive_timing_delta_steps
traffic_aware,C1,-6.805151963952507,-48.99052844709389
traffic_aware,C2,-10.750836802045873,-67.30736327505414
traffic_aware,C3,-6.559688689500552,-52.09178884011391
traffic_aware,C4,-10.687506618889277,-68.99433604822137
pid,C1,0.093561741031805,-24.07589988058704
pid,C2,2.1048729226658134,-32.71177513882607
pid,C3,0.1369366109374811,-21.768784154691897
pid,C4,2.077385443171241,-30.56822470089254
dual,C1,6.807695805855498,-5.263161243661115
dual,C2,8.454363886476129,-11.992143772706452
dual,C3,6.824769834716084,-3.003617364681825
dual,C4,8.385589885850845,-10.096387375217866
