bidder,reference,value_base,value_wide,value_delta,cpa_base,cpa_wide,cpa_delta,underdelivery_base_pp,underdelivery_wide_pp,underdelivery_delta_pp,positive_seed_share,seeds
cql,traffic_aware,10828.281977498376,16301.929024887533,5473.647047389157,13.886721395311106,7.432487593314407,-6.4542338019967,0.0007889612470947518,19.2891308340103,19.28834187276321,1.0,8
cql,pid,12687.987945070174,16238.367430690429,3550.379485620255,11.290656192489966,7.8819293003591335,-3.408726892130832,4.422256557263806,14.536860070719928,10.114603513456123,1.0,8
cql,dual,10948.101561952157,14435.663912642582,3487.562350690425,13.710155873381062,9.460769617007216,-4.249386256373846,0.13592991904013502,8.977888990375769,8.841959071335634,1.0,8
iql,traffic_aware,10828.281977498376,17115.52847809332,6287.246500594945,13.886721395311106,8.078246980576413,-5.808474414734693,0.0007889612470947518,7.721832658179512,7.721043696932417,1.0,8
iql,pid,12687.987945070174,16086.623750599507,3398.635805529333,11.290656192489966,8.146463492284033,-3.1441927002059327,4.422256557263806,12.55066649036377,8.128409933099965,1.0,8
iql,dual,10948.101561952157,14066.386762503584,3118.285200551427,13.710155873381062,10.01373668549479,-3.6964191878862724,0.13592991904013502,5.622146450667461,5.486216531627326,1.0,8
dt,traffic_aware,10828.281977498376,13487.297486805117,2659.0155093067406,13.886721395311106,8.759451527881255,-5.127269867429851,0.0007889612470947518,21.391031704920444,21.390242743673348,1.0,8
dt,pid,12687.987945070174,12806.804524826583,118.81657975640883,11.290656192489966,8.695692989232768,-2.5949632032571976,4.422256557263806,25.62086762487428,21.19861106761047,0.875,8
dt,dual,10948.101561952157,13120.912497317237,2172.81093536508,13.710155873381062,10.401922072794875,-3.308233800586187,0.13592991904013502,8.849088601977131,8.713158682936996,1.0,8
gas,traffic_aware,10828.281977498376,16633.001046700116,5804.719069201739,13.886721395311106,8.188742912255488,-5.697978483055618,0.0007889612470947518,9.149923077411588,9.149134116164493,1.0,8
gas,pid,12687.987945070174,15594.174620221806,2906.186675151632,11.290656192489966,8.759687459136371,-2.5309687333535944,4.422256557263806,9.063807648737834,4.641551091474029,1.0,8
gas,dual,10948.101561952157,14031.757086280324,3083.6555243281673,13.710155873381062,10.186471353613962,-3.5236845197671,0.13592991904013502,4.580925427791929,4.444995508751794,1.0,8
sembid,traffic_aware,10828.281977498376,14413.150620566392,3584.8686430680154,13.886721395311106,7.766567497280731,-6.120153898030376,0.0007889612470947518,25.439889816527295,25.4391008552802,1.0,8
sembid,pid,12687.987945070174,14196.699188219594,1508.7112431494206,11.290656192489966,8.161205996455525,-3.1294501960344405,4.422256557263806,22.743923139656673,18.321666582392872,1.0,8
sembid,dual,10948.101561952157,13496.549571567984,2548.4480096158277,13.710155873381062,10.463674362505863,-3.246481510875199,0.13592991904013502,5.374584280776959,5.238654361736824,1.0,8
