reference,alpha,advertiser_value_delta_pct,revenue_delta_pct,clearing_price_delta_pct,cpa_delta,underdelivery_delta_pp,nonadopter_value_delta,episodes
dual,0.0208333333333333,1.111163464774196,-0.9286053734501989,-1.7267111166977365,-0.5936053651640236,0.9108743479296852,69.10794030239704,20
dual,0.25,2.903916044337552,-13.485667098177933,-12.800726170451066,-4.9486147459730985,12.85167437335758,218.06896448078183,20
dual,0.5,18.766096314639785,-23.265430950685733,-31.17688826793212,-10.871084243254998,22.15322142970338,515.7081642566766,20
dual,0.75,50.55065669593446,-24.826439898512284,-47.04427513345499,-15.374234351527022,23.68146770137356,512.803721946808,20
dual,1.0,100.79058149161236,-17.871413242708407,-57.68514078395155,-18.12840036495512,17.082696519194542,0.0,20
pid,0.0208333333333333,0.6975204702848332,-0.6955508765327603,-1.0825249896930864,-0.21940143277810087,0.6537724027896031,67.32925158857492,20
pid,0.25,6.737213218154883,-7.30743373467377,-11.277408635117078,-2.243628290602532,6.7818652181243,579.1306224436855,20
pid,0.5,13.78920355445283,-14.941443101204802,-22.513537150262877,-4.374690446312616,13.85631781098175,817.5050708034763,20
pid,0.75,23.66584011643948,-21.995692697739496,-32.26694671776314,-6.340093611227871,20.39499438629401,613.1146525750684,20
pid,1.0,38.99944472980519,-26.12929706588709,-39.56811910557348,-8.019282157230602,24.23001008830702,0.0,20
traffic,0.0208333333333333,0.3136991904050875,-1.0501492108413009,-0.8993810427743425,-0.18658220626764202,0.9357041484207528,48.25543049397152,20
traffic,0.25,6.663427513947322,-9.735069152382604,-11.9937097429867,-2.308964743856941,8.58560814936609,628.3674240016387,20
traffic,0.5,17.878259976217972,-17.591714574080022,-24.894145473324848,-4.559915374023354,15.53963590588869,863.5176297473072,20
traffic,0.75,30.678273176940667,-22.60197434155348,-33.06266993090368,-6.164175120435197,19.96691288756606,629.8776257026489,20
traffic,1.0,45.11823268979689,-24.527876424828985,-37.99185874087176,-7.187084593277573,21.699504701028598,0.0,20
