reference,budget_fraction,clicks_delta,ecpc_delta,underdelivery_delta_pp
traffic_aware,0.03125,-7.1111111111111,-35.84465891912914,74.20115561652274
traffic_aware,0.125,-31.555555555555557,3.208819415988316,73.47854087939217
traffic_aware,0.5,-91.66666666666666,-54.930146510543594,72.0796266890212
pid,0.03125,16.444444444444443,-9.134709326728867,5.559627948726395
pid,0.125,0.11111111111111427,-21.04799553251786,25.931955233408864
pid,0.5,-94.0,-54.481010555963195,71.95933763752917
dual,0.03125,14.777777777777786,-10.587993456136608,7.9515784067982
dual,0.125,6.555555555555557,-21.212773521137933,20.535192612659355
dual,0.5,-78.0,-54.939445232372066,64.96191878278609
