reference,budget_fraction,campaigns,clicks_base,clicks_wide,clicks_delta,ecpc_base,ecpc_wide,ecpc_delta,spend_base,spend_wide,spend_delta,underdelivery_base_pp,underdelivery_wide_pp,underdelivery_delta_pp,mean_won_pctr_base,mean_won_pctr_wide,mean_won_pctr_delta
traffic_aware,0.03125,9,89.77777777777777,82.66666666666667,-7.1111111111111,65.18863570745731,29.34397678832817,-35.84465891912914,1257.3221111111113,295.9144444444445,-961.4076666666668,0.5212252142001048,74.72238083072284,74.20115561652274,7.650221236940566e-05,0.00015457909184077122,7.807687947136555e-05
traffic_aware,0.125,9,130.11111111111111,98.55555555555556,-31.555555555555557,83.11213252095614,86.32095193694445,3.208819415988316,5031.81111111111,1289.8174444444444,-3741.993666666666,0.45754178622281716,73.93608266561499,73.47854087939217,1.886489062226382e-05,4.2524978059454066e-05,2.3660087437190247e-05
traffic_aware,0.5,9,223.88888888888889,132.22222222222223,-91.66666666666666,127.62143343401853,72.69128692347493,-54.930146510543594,19264.058,4061.6866666666665,-15202.371333333334,5.548050337090722,77.62767702611193,72.0796266890212,6.925421841808455e-06,1.596996890326008e-05,9.044547061451623e-06
pid,0.03125,9,81.66666666666667,98.11111111111111,16.444444444444443,64.86307296634828,55.72836363961942,-9.134709326728867,1264.7344444444445,1188.8296666666668,-75.90477777777778,6.576375390406437e-05,5.559693712480299,5.559627948726395,3.220823977266132e-05,4.089424422540401e-05,8.68600445274269e-06
pid,0.125,9,125.0,125.11111111111111,0.11111111111111427,89.54698265449844,68.49898712198058,-21.04799553251786,5025.66911111111,3604.2515555555556,-1421.4175555555548,0.7791739495652426,26.71112918297411,25.931955233408864,1.4390926043329958e-05,1.957378914710448e-05,5.182863103774521e-06
pid,0.5,9,229.77777777777777,135.77777777777777,-94.0,128.19281968148346,73.71180912552026,-54.481010555963195,19515.567666666673,4720.623555555556,-14794.944111111117,2.827534830616305,74.78687246814548,71.95933763752917,6.671420697812482e-06,1.4854402434149212e-05,8.18298173633673e-06
dual,0.03125,9,81.77777777777777,96.55555555555556,14.777777777777786,65.3504514723614,54.76245801622479,-10.587993456136608,1264.734,1157.136,-107.59799999999996,0.0001638416776706201,7.951742248475871,7.9515784067982,3.479430263724149e-05,4.2976076115393044e-05,8.181773478151552e-06
dual,0.125,9,120.11111111111111,126.66666666666667,6.555555555555557,90.4301328378453,69.21735931670737,-21.212773521137933,4940.5706666666665,3885.2542222222223,-1055.3164444444442,2.170537734018034,22.705730346677388,20.535192612659355,1.6008459318010896e-05,1.712471781789404e-05,1.1162584998831446e-06
dual,0.5,9,219.77777777777777,141.77777777777777,-78.0,129.98029760753923,75.04085237516716,-54.939445232372066,18597.81111111111,5183.541888888889,-13414.269222222221,7.246568132279736,72.20848691506583,64.96191878278609,6.98001428696401e-06,1.3060997285638737e-05,6.080982998674726e-06
