period,model,reference,seed,kappa,value,cpa,underdelivery,budget,score,source
calibration,cql,dual,20260428,0.0,11867.477146234938,12.47350547774512,0.0083563145192545,150000.0,,/tmp/kappa-selection-2VBMtk/input/poms_width_alignment_20260902/06_results/micro_aligned_grid_per_seed.csv
calibration,cql,dual,20260428,0.3,12981.770964903197,11.221269026702846,0.0221038085529285,150000.0,,/tmp/kappa-selection-2VBMtk/input/poms_width_alignment_20260902/06_results/micro_aligned_grid_per_seed.csv
calibration,cql,dual,20260428,0.5,13629.197392667897,10.290770949547246,0.0414489886194989,150000.0,,/tmp/kappa-selection-2VBMtk/input/poms_width_alignment_20260902/06_results/micro_aligned_grid_per_seed.csv
calibration,cql,dual,20260428,0.8,14292.895692817565,9.642461015588353,0.0657098106629195,150000.0,,/tmp/kappa-selection-2VBMtk/input/poms_width_alignment_20260902/06_results/micro_aligned_grid_per_seed.csv
calibration,cql,dual,20260428,1.0,17687.69796171818,6.9697042928408575,0.1673991251772265,150000.0,,/tmp/kappa-selection-2VBMtk/input/poms_width_alignment_20260902/06_results/micro_aligned_grid_per_seed.csv
calibration,cql,dual,20260429,0.0,11867.874656304277,12.597102798879646,0.0083560676721857,150000.0,,/tmp/kappa-selection-2VBMtk/input/poms_width_alignment_20260902/06_results/micro_aligned_grid_per_seed.csv
calibration,cql,dual,20260429,0.3,12987.525439914802,11.328514188152678,0.0221981787065742,150000.0,,/tmp/kappa-selection-2VBMtk/input/poms_width_alignment_20260902/06_results/micro_aligned_grid_per_seed.csv
calibration,cql,dual,20260429,0.5,13912.353026592764,10.408727261391888,0.037886643472003,150000.0,,/tmp/kappa-selection-2VBMtk/input/poms_width_alignment_20260902/06_results/micro_aligned_grid_per_seed.csv
calibration,cql,dual,20260429,0.8,14302.876435002883,9.727991738200847,0.0657236734631842,150000.0,,/tmp/kappa-selection-2VBMtk/input/poms_width_alignment_20260902/06_results/micro_aligned_grid_per_seed.csv
calibration,cql,dual,20260429,1.0,17691.67706288655,7.091406640415672,0.1669488239282317,150000.0,,/tmp/kappa-selection-2VBMtk/input/poms_width_alignment_20260902/06_results/micro_aligned_grid_per_seed.csv
calibration,cql,dual,20260430,0.0,11868.354434341069,12.609891012129411,0.0083581708061345,150000.0,,/tmp/kappa-selection-2VBMtk/input/poms_width_alignment_20260902/06_results/micro_aligned_grid_per_seed.csv
calibration,cql,dual,20260430,0.3,12970.629149654014,11.31100217783444,0.0223523784291691,150000.0,,/tmp/kappa-selection-2VBMtk/input/poms_width_alignment_20260902/06_results/micro_aligned_grid_per_seed.csv
calibration,cql,dual,20260430,0.5,13774.144085689071,10.653644876511413,0.0411009368147891,150000.0,,/tmp/kappa-selection-2VBMtk/input/poms_width_alignment_20260902/06_results/micro_aligned_grid_per_seed.csv
calibration,cql,dual,20260430,0.8,14313.784410052738,9.832023514637774,0.0649090169345102,150000.0,,/tmp/kappa-selection-2VBMtk/input/poms_width_alignment_20260902/06_results/micro_aligned_grid_per_seed.csv
calibration,cql,dual,20260430,1.0,17694.64231508604,7.087556202810963,0.1666923920481677,150000.0,,/tmp/kappa-selection-2VBMtk/input/poms_width_alignment_20260902/06_results/micro_aligned_grid_per_seed.csv
calibration,cql,dual,20260431,0.0,11868.970585457764,12.71773705955927,0.0083556490092901,150000.0,,/tmp/kappa-selection-2VBMtk/input/poms_width_alignment_20260902/06_results/micro_aligned_grid_per_seed.csv
calibration,cql,dual,20260431,0.3,12978.972560650587,11.303816054019087,0.0226720639695019,150000.0,,/tmp/kappa-selection-2VBMtk/input/poms_width_alignment_20260902/06_results/micro_aligned_grid_per_seed.csv
calibration,cql,dual,20260431,0.5,13769.598401059582,10.529689017738791,0.040815528410774,150000.0,,/tmp/kappa-selection-2VBMtk/input/poms_width_alignment_20260902/06_results/micro_aligned_grid_per_seed.csv
calibration,cql,dual,20260431,0.8,14303.317727295684,9.86831151316279,0.0658656321640037,150000.0,,/tmp/kappa-selection-2VBMtk/input/poms_width_alignment_20260902/06_results/micro_aligned_grid_per_seed.csv
calibration,cql,dual,20260431,1.0,17694.544439472735,7.112452218729668,0.166847347098002,150000.0,,/tmp/kappa-selection-2VBMtk/input/poms_width_alignment_20260902/06_results/micro_aligned_grid_per_seed.csv
calibration,dt,dual,20260428,0.0,11867.477146234938,12.47350547774512,0.0083563145192545,150000.0,,/tmp/kappa-selection-2VBMtk/input/poms_width_alignment_20260902/06_results/micro_aligned_grid_per_seed.csv
calibration,dt,dual,20260428,0.3,12774.04331626268,11.475394213175203,0.0157171870219111,150000.0,,/tmp/kappa-selection-2VBMtk/input/poms_width_alignment_20260902/06_results/micro_aligned_grid_per_seed.csv
calibration,dt,dual,20260428,0.5,13071.695045235892,11.01108959384934,0.0281612324468498,150000.0,,/tmp/kappa-selection-2VBMtk/input/poms_width_alignment_20260902/06_results/micro_aligned_grid_per_seed.csv
calibration,dt,dual,20260428,0.8,12737.728472977064,10.154767628918025,0.1293302234965617,150000.0,,/tmp/kappa-selection-2VBMtk/input/poms_width_alignment_20260902/06_results/micro_aligned_grid_per_seed.csv
calibration,dt,dual,20260428,1.0,11688.958960455398,8.285895377881529,0.3453037865423153,150000.0,,/tmp/kappa-selection-2VBMtk/input/poms_width_alignment_20260902/06_results/micro_aligned_grid_per_seed.csv
calibration,dt,dual,20260429,0.0,11867.874656304277,12.597102798879646,0.0083560676721857,150000.0,,/tmp/kappa-selection-2VBMtk/input/poms_width_alignment_20260902/06_results/micro_aligned_grid_per_seed.csv
calibration,dt,dual,20260429,0.3,12830.15673154934,11.458530708308247,0.0159413827704799,150000.0,,/tmp/kappa-selection-2VBMtk/input/poms_width_alignment_20260902/06_results/micro_aligned_grid_per_seed.csv
calibration,dt,dual,20260429,0.5,13039.438879587422,10.966080228151988,0.0392982648123575,150000.0,,/tmp/kappa-selection-2VBMtk/input/poms_width_alignment_20260902/06_results/micro_aligned_grid_per_seed.csv
calibration,dt,dual,20260429,0.8,12762.09539297866,10.160031413493206,0.1308431793470277,150000.0,,/tmp/kappa-selection-2VBMtk/input/poms_width_alignment_20260902/06_results/micro_aligned_grid_per_seed.csv
calibration,dt,dual,20260429,1.0,11842.227579848755,8.381067462819244,0.3360518355954539,150000.0,,/tmp/kappa-selection-2VBMtk/input/poms_width_alignment_20260902/06_results/micro_aligned_grid_per_seed.csv
calibration,dt,dual,20260430,0.0,11868.354434341069,12.609891012129411,0.0083581708061345,150000.0,,/tmp/kappa-selection-2VBMtk/input/poms_width_alignment_20260902/06_results/micro_aligned_grid_per_seed.csv
calibration,dt,dual,20260430,0.3,12852.132282429968,11.439097950220638,0.0207369548081042,150000.0,,/tmp/kappa-selection-2VBMtk/input/poms_width_alignment_20260902/06_results/micro_aligned_grid_per_seed.csv
calibration,dt,dual,20260430,0.5,13199.066229532087,11.068458225927742,0.0310671669022781,150000.0,,/tmp/kappa-selection-2VBMtk/input/poms_width_alignment_20260902/06_results/micro_aligned_grid_per_seed.csv
calibration,dt,dual,20260430,0.8,12915.24304564332,10.169442883998132,0.120614375677728,150000.0,,/tmp/kappa-selection-2VBMtk/input/poms_width_alignment_20260902/06_results/micro_aligned_grid_per_seed.csv
calibration,dt,dual,20260430,1.0,11776.027510058995,8.335679528472008,0.343704165124965,150000.0,,/tmp/kappa-selection-2VBMtk/input/poms_width_alignment_20260902/06_results/micro_aligned_grid_per_seed.csv
calibration,dt,dual,20260431,0.0,11868.970585457764,12.71773705955927,0.0083556490092901,150000.0,,/tmp/kappa-selection-2VBMtk/input/poms_width_alignment_20260902/06_results/micro_aligned_grid_per_seed.csv
calibration,dt,dual,20260431,0.3,12811.869723155316,11.619955497587997,0.0136207109947393,150000.0,,/tmp/kappa-selection-2VBMtk/input/poms_width_alignment_20260902/06_results/micro_aligned_grid_per_seed.csv
calibration,dt,dual,20260431,0.5,13108.355297442842,11.131348096516868,0.0376578525624544,150000.0,,/tmp/kappa-selection-2VBMtk/input/poms_width_alignment_20260902/06_results/micro_aligned_grid_per_seed.csv
calibration,dt,dual,20260431,0.8,12758.408395693998,10.435095245845082,0.1312435371325704,150000.0,,/tmp/kappa-selection-2VBMtk/input/poms_width_alignment_20260902/06_results/micro_aligned_grid_per_seed.csv
calibration,dt,dual,20260431,1.0,11809.21430117959,8.602978961318637,0.3368823816615537,150000.0,,/tmp/kappa-selection-2VBMtk/input/poms_width_alignment_20260902/06_results/micro_aligned_grid_per_seed.csv
calibration,gas,dual,20260428,0.0,11867.477146234938,12.47350547774512,0.0083563145192545,150000.0,,/tmp/kappa-selection-2VBMtk/input/poms_width_alignment_20260902/06_results/micro_aligned_grid_per_seed.csv
calibration,gas,dual,20260428,0.3,12978.281744065873,11.28649809200867,0.0183003959570782,150000.0,,/tmp/kappa-selection-2VBMtk/input/poms_width_alignment_20260902/06_results/micro_aligned_grid_per_seed.csv
calibration,gas,dual,20260428,0.5,13187.89689598778,10.93507497934218,0.025320316841293,150000.0,,/tmp/kappa-selection-2VBMtk/input/poms_width_alignment_20260902/06_results/micro_aligned_grid_per_seed.csv
calibration,gas,dual,20260428,0.8,14291.799270630903,9.820409058680124,0.0627401594395625,150000.0,,/tmp/kappa-selection-2VBMtk/input/poms_width_alignment_20260902/06_results/micro_aligned_grid_per_seed.csv
calibration,gas,dual,20260428,1.0,14667.495552174682,7.445679784047837,0.2644164752012957,150000.0,,/tmp/kappa-selection-2VBMtk/input/poms_width_alignment_20260902/06_results/micro_aligned_grid_per_seed.csv
calibration,gas,dual,20260429,0.0,11867.874656304277,12.597102798879646,0.0083560676721857,150000.0,,/tmp/kappa-selection-2VBMtk/input/poms_width_alignment_20260902/06_results/micro_aligned_grid_per_seed.csv
calibration,gas,dual,20260429,0.3,13219.035535193228,11.2021397230887,0.0160787276553684,150000.0,,/tmp/kappa-selection-2VBMtk/input/poms_width_alignment_20260902/06_results/micro_aligned_grid_per_seed.csv
calibration,gas,dual,20260429,0.5,13068.865481285193,11.290531903232178,0.0198312903740629,150000.0,,/tmp/kappa-selection-2VBMtk/input/poms_width_alignment_20260902/06_results/micro_aligned_grid_per_seed.csv
calibration,gas,dual,20260429,0.8,14184.89700229054,9.9779410648106,0.0482374616312594,150000.0,,/tmp/kappa-selection-2VBMtk/input/poms_width_alignment_20260902/06_results/micro_aligned_grid_per_seed.csv
calibration,gas,dual,20260429,1.0,15732.313404321929,7.589057382539114,0.2047173800257794,150000.0,,/tmp/kappa-selection-2VBMtk/input/poms_width_alignment_20260902/06_results/micro_aligned_grid_per_seed.csv
calibration,gas,dual,20260430,0.0,11868.354434341069,12.609891012129411,0.0083581708061345,150000.0,,/tmp/kappa-selection-2VBMtk/input/poms_width_alignment_20260902/06_results/micro_aligned_grid_per_seed.csv
calibration,gas,dual,20260430,0.3,12998.740096613456,11.399982621147576,0.017929497130199,150000.0,,/tmp/kappa-selection-2VBMtk/input/poms_width_alignment_20260902/06_results/micro_aligned_grid_per_seed.csv
calibration,gas,dual,20260430,0.5,13181.238231409288,11.234704481375772,0.0234794864788104,150000.0,,/tmp/kappa-selection-2VBMtk/input/poms_width_alignment_20260902/06_results/micro_aligned_grid_per_seed.csv
calibration,gas,dual,20260430,0.8,14116.771958115383,10.043510844742729,0.0603291253658638,150000.0,,/tmp/kappa-selection-2VBMtk/input/poms_width_alignment_20260902/06_results/micro_aligned_grid_per_seed.csv
calibration,gas,dual,20260430,1.0,16079.03331092627,7.672934106397941,0.1865155260396851,150000.0,,/tmp/kappa-selection-2VBMtk/input/poms_width_alignment_20260902/06_results/micro_aligned_grid_per_seed.csv
calibration,gas,dual,20260431,0.0,11868.970585457764,12.71773705955927,0.0083556490092901,150000.0,,/tmp/kappa-selection-2VBMtk/input/poms_width_alignment_20260902/06_results/micro_aligned_grid_per_seed.csv
calibration,gas,dual,20260431,0.3,12875.933147552514,11.455229798731397,0.0188213836393191,150000.0,,/tmp/kappa-selection-2VBMtk/input/poms_width_alignment_20260902/06_results/micro_aligned_grid_per_seed.csv
calibration,gas,dual,20260431,0.5,13102.25198774195,11.467137525177874,0.0213944836013125,150000.0,,/tmp/kappa-selection-2VBMtk/input/poms_width_alignment_20260902/06_results/micro_aligned_grid_per_seed.csv
calibration,gas,dual,20260431,0.8,14165.808864057846,10.201470201777706,0.0503111340158339,150000.0,,/tmp/kappa-selection-2VBMtk/input/poms_width_alignment_20260902/06_results/micro_aligned_grid_per_seed.csv
calibration,gas,dual,20260431,1.0,16228.255205559755,7.832746967807681,0.167796743826988,150000.0,,/tmp/kappa-selection-2VBMtk/input/poms_width_alignment_20260902/06_results/micro_aligned_grid_per_seed.csv
calibration,iql,dual,20260428,0.0,11867.477146234938,12.47350547774512,0.0083563145192545,150000.0,,/tmp/kappa-selection-2VBMtk/input/poms_width_alignment_20260902/06_results/micro_aligned_grid_per_seed.csv
calibration,iql,dual,20260428,0.3,12716.01628246257,11.460309687620104,0.019914315514721,150000.0,,/tmp/kappa-selection-2VBMtk/input/poms_width_alignment_20260902/06_results/micro_aligned_grid_per_seed.csv
calibration,iql,dual,20260428,0.5,12719.888280986734,11.24141882682137,0.0218466764821756,150000.0,,/tmp/kappa-selection-2VBMtk/input/poms_width_alignment_20260902/06_results/micro_aligned_grid_per_seed.csv
calibration,iql,dual,20260428,0.8,13867.55240531558,9.89427038374265,0.0691470422974847,150000.0,,/tmp/kappa-selection-2VBMtk/input/poms_width_alignment_20260902/06_results/micro_aligned_grid_per_seed.csv
calibration,iql,dual,20260428,1.0,15851.292822728095,7.063301710126891,0.2446034264409581,150000.0,,/tmp/kappa-selection-2VBMtk/input/poms_width_alignment_20260902/06_results/micro_aligned_grid_per_seed.csv
calibration,iql,dual,20260429,0.0,11867.874656304277,12.597102798879646,0.0083560676721857,150000.0,,/tmp/kappa-selection-2VBMtk/input/poms_width_alignment_20260902/06_results/micro_aligned_grid_per_seed.csv
calibration,iql,dual,20260429,0.3,12844.661464465831,11.370365603971829,0.0186616459398639,150000.0,,/tmp/kappa-selection-2VBMtk/input/poms_width_alignment_20260902/06_results/micro_aligned_grid_per_seed.csv
calibration,iql,dual,20260429,0.5,12708.47307035532,11.477270478608478,0.0244320093182716,150000.0,,/tmp/kappa-selection-2VBMtk/input/poms_width_alignment_20260902/06_results/micro_aligned_grid_per_seed.csv
calibration,iql,dual,20260429,0.8,13907.972632466084,10.02217461498855,0.0722138886417865,150000.0,,/tmp/kappa-selection-2VBMtk/input/poms_width_alignment_20260902/06_results/micro_aligned_grid_per_seed.csv
calibration,iql,dual,20260429,1.0,15939.97310220557,7.079723740068196,0.2428471450788353,150000.0,,/tmp/kappa-selection-2VBMtk/input/poms_width_alignment_20260902/06_results/micro_aligned_grid_per_seed.csv
calibration,iql,dual,20260430,0.0,11868.354434341069,12.609891012129411,0.0083581708061345,150000.0,,/tmp/kappa-selection-2VBMtk/input/poms_width_alignment_20260902/06_results/micro_aligned_grid_per_seed.csv
calibration,iql,dual,20260430,0.3,12842.674534884569,11.439996881600525,0.0192109340174408,150000.0,,/tmp/kappa-selection-2VBMtk/input/poms_width_alignment_20260902/06_results/micro_aligned_grid_per_seed.csv
calibration,iql,dual,20260430,0.5,12784.320871069076,11.51582952598463,0.0191584131734614,150000.0,,/tmp/kappa-selection-2VBMtk/input/poms_width_alignment_20260902/06_results/micro_aligned_grid_per_seed.csv
calibration,iql,dual,20260430,0.8,14000.096686977931,9.966760233813485,0.0671776871832766,150000.0,,/tmp/kappa-selection-2VBMtk/input/poms_width_alignment_20260902/06_results/micro_aligned_grid_per_seed.csv
calibration,iql,dual,20260430,1.0,15894.434147924492,7.182844844408073,0.2424492970764238,150000.0,,/tmp/kappa-selection-2VBMtk/input/poms_width_alignment_20260902/06_results/micro_aligned_grid_per_seed.csv
calibration,iql,dual,20260431,0.0,11868.970585457764,12.71773705955927,0.0083556490092901,150000.0,,/tmp/kappa-selection-2VBMtk/input/poms_width_alignment_20260902/06_results/micro_aligned_grid_per_seed.csv
calibration,iql,dual,20260431,0.3,12745.436078189248,11.632329151334767,0.0176110287392665,150000.0,,/tmp/kappa-selection-2VBMtk/input/poms_width_alignment_20260902/06_results/micro_aligned_grid_per_seed.csv
calibration,iql,dual,20260431,0.5,12741.077318805828,11.61538055327614,0.0201264965256169,150000.0,,/tmp/kappa-selection-2VBMtk/input/poms_width_alignment_20260902/06_results/micro_aligned_grid_per_seed.csv
calibration,iql,dual,20260431,0.8,13934.823923514828,10.201633118339744,0.0664145478969956,150000.0,,/tmp/kappa-selection-2VBMtk/input/poms_width_alignment_20260902/06_results/micro_aligned_grid_per_seed.csv
calibration,iql,dual,20260431,1.0,15743.08141337128,7.242228280051428,0.2484015490962579,150000.0,,/tmp/kappa-selection-2VBMtk/input/poms_width_alignment_20260902/06_results/micro_aligned_grid_per_seed.csv
calibration,sembid,dual,20260428,0.0,11867.477146234938,12.47350547774512,0.0083563145192545,150000.0,,/tmp/kappa-selection-2VBMtk/input/poms_width_alignment_20260902/06_results/micro_aligned_grid_per_seed.csv
calibration,sembid,dual,20260428,0.3,13002.457760745112,11.150564950376465,0.0235821958453602,150000.0,,/tmp/kappa-selection-2VBMtk/input/poms_width_alignment_20260902/06_results/micro_aligned_grid_per_seed.csv
calibration,sembid,dual,20260428,0.5,13056.99163340382,10.870408310683924,0.0295624154108698,150000.0,,/tmp/kappa-selection-2VBMtk/input/poms_width_alignment_20260902/06_results/micro_aligned_grid_per_seed.csv
calibration,sembid,dual,20260428,0.8,13442.71665588811,10.026635957824942,0.0898488319883639,150000.0,,/tmp/kappa-selection-2VBMtk/input/poms_width_alignment_20260902/06_results/micro_aligned_grid_per_seed.csv
calibration,sembid,dual,20260428,1.0,13284.316203998356,6.219203347338333,0.4431325322793215,150000.0,,/tmp/kappa-selection-2VBMtk/input/poms_width_alignment_20260902/06_results/micro_aligned_grid_per_seed.csv
calibration,sembid,dual,20260429,0.0,11867.874656304277,12.597102798879646,0.0083560676721857,150000.0,,/tmp/kappa-selection-2VBMtk/input/poms_width_alignment_20260902/06_results/micro_aligned_grid_per_seed.csv
calibration,sembid,dual,20260429,0.3,13017.591529898056,11.211075065796416,0.0250849122783363,150000.0,,/tmp/kappa-selection-2VBMtk/input/poms_width_alignment_20260902/06_results/micro_aligned_grid_per_seed.csv
calibration,sembid,dual,20260429,0.5,13166.445947962016,11.11983693184899,0.0322035256980687,150000.0,,/tmp/kappa-selection-2VBMtk/input/poms_width_alignment_20260902/06_results/micro_aligned_grid_per_seed.csv
calibration,sembid,dual,20260429,0.8,13584.60202232613,10.122532677595045,0.0872174866856562,150000.0,,/tmp/kappa-selection-2VBMtk/input/poms_width_alignment_20260902/06_results/micro_aligned_grid_per_seed.csv
calibration,sembid,dual,20260429,1.0,13163.476433932234,6.2821598372816805,0.4476306260406086,150000.0,,/tmp/kappa-selection-2VBMtk/input/poms_width_alignment_20260902/06_results/micro_aligned_grid_per_seed.csv
calibration,sembid,dual,20260430,0.0,11868.354434341069,12.609891012129411,0.0083581708061345,150000.0,,/tmp/kappa-selection-2VBMtk/input/poms_width_alignment_20260902/06_results/micro_aligned_grid_per_seed.csv
calibration,sembid,dual,20260430,0.3,13009.52714136108,11.308948449181722,0.021625173166451,150000.0,,/tmp/kappa-selection-2VBMtk/input/poms_width_alignment_20260902/06_results/micro_aligned_grid_per_seed.csv
calibration,sembid,dual,20260430,0.5,13065.131050592285,11.187590862939118,0.0343617406501741,150000.0,,/tmp/kappa-selection-2VBMtk/input/poms_width_alignment_20260902/06_results/micro_aligned_grid_per_seed.csv
calibration,sembid,dual,20260430,0.8,13621.046696844798,10.073604833811451,0.0852495237243548,150000.0,,/tmp/kappa-selection-2VBMtk/input/poms_width_alignment_20260902/06_results/micro_aligned_grid_per_seed.csv
calibration,sembid,dual,20260430,1.0,13131.779169878237,6.219326231571186,0.4524090563975915,150000.0,,/tmp/kappa-selection-2VBMtk/input/poms_width_alignment_20260902/06_results/micro_aligned_grid_per_seed.csv
calibration,sembid,dual,20260431,0.0,11868.970585457764,12.71773705955927,0.0083556490092901,150000.0,,/tmp/kappa-selection-2VBMtk/input/poms_width_alignment_20260902/06_results/micro_aligned_grid_per_seed.csv
calibration,sembid,dual,20260431,0.3,13049.79352529236,11.296401894518247,0.0196982435936989,150000.0,,/tmp/kappa-selection-2VBMtk/input/poms_width_alignment_20260902/06_results/micro_aligned_grid_per_seed.csv
calibration,sembid,dual,20260431,0.5,13088.333284754295,11.082941839732394,0.0379267620322892,150000.0,,/tmp/kappa-selection-2VBMtk/input/poms_width_alignment_20260902/06_results/micro_aligned_grid_per_seed.csv
calibration,sembid,dual,20260431,0.8,13568.086497651962,10.192023724370925,0.0838729608287053,150000.0,,/tmp/kappa-selection-2VBMtk/input/poms_width_alignment_20260902/06_results/micro_aligned_grid_per_seed.csv
calibration,sembid,dual,20260431,1.0,13235.85432683171,6.368305863727946,0.4461272113453638,150000.0,,/tmp/kappa-selection-2VBMtk/input/poms_width_alignment_20260902/06_results/micro_aligned_grid_per_seed.csv
calibration,cql,pid,20260428,0.0,12801.088359464506,11.133121144269053,0.0406218405945141,150000.0,,/tmp/kappa-selection-2VBMtk/input/poms_width_alignment_20260902/06_results/micro_aligned_grid_per_seed.csv
calibration,cql,pid,20260428,0.3,13085.122143594095,10.89004477334504,0.041893860841096,150000.0,,/tmp/kappa-selection-2VBMtk/input/poms_width_alignment_20260902/06_results/micro_aligned_grid_per_seed.csv
calibration,cql,pid,20260428,0.5,14241.953504735686,9.891129424990298,0.0514406881434237,150000.0,,/tmp/kappa-selection-2VBMtk/input/poms_width_alignment_20260902/06_results/micro_aligned_grid_per_seed.csv
calibration,cql,pid,20260428,0.8,17569.261473134375,7.424177049138661,0.1205319867590292,150000.0,,/tmp/kappa-selection-2VBMtk/input/poms_width_alignment_20260902/06_results/micro_aligned_grid_per_seed.csv
calibration,cql,pid,20260428,1.0,18350.074605180627,6.86277524597298,0.1492446286742117,150000.0,,/tmp/kappa-selection-2VBMtk/input/poms_width_alignment_20260902/06_results/micro_aligned_grid_per_seed.csv
calibration,cql,pid,20260429,0.0,12801.901161539094,11.263835024206472,0.0406216248715798,150000.0,,/tmp/kappa-selection-2VBMtk/input/poms_width_alignment_20260902/06_results/micro_aligned_grid_per_seed.csv
calibration,cql,pid,20260429,0.3,13076.190082572546,10.877464406833882,0.0419854514754433,150000.0,,/tmp/kappa-selection-2VBMtk/input/poms_width_alignment_20260902/06_results/micro_aligned_grid_per_seed.csv
calibration,cql,pid,20260429,0.5,14239.895542864422,9.90711135418942,0.051691301176982,150000.0,,/tmp/kappa-selection-2VBMtk/input/poms_width_alignment_20260902/06_results/micro_aligned_grid_per_seed.csv
calibration,cql,pid,20260429,0.8,17574.641902664633,7.542293141887409,0.1203674918388061,150000.0,,/tmp/kappa-selection-2VBMtk/input/poms_width_alignment_20260902/06_results/micro_aligned_grid_per_seed.csv
calibration,cql,pid,20260429,1.0,18367.164272151666,6.994226697226165,0.1484762137017006,150000.0,,/tmp/kappa-selection-2VBMtk/input/poms_width_alignment_20260902/06_results/micro_aligned_grid_per_seed.csv
calibration,cql,pid,20260430,0.0,12800.768718364498,11.323210587946871,0.0406221109185472,150000.0,,/tmp/kappa-selection-2VBMtk/input/poms_width_alignment_20260902/06_results/micro_aligned_grid_per_seed.csv
calibration,cql,pid,20260430,0.3,13076.89697823404,10.939267679531865,0.0419389366265921,150000.0,,/tmp/kappa-selection-2VBMtk/input/poms_width_alignment_20260902/06_results/micro_aligned_grid_per_seed.csv
calibration,cql,pid,20260430,0.5,14240.23411681282,10.096537663588752,0.0514639416313753,150000.0,,/tmp/kappa-selection-2VBMtk/input/poms_width_alignment_20260902/06_results/micro_aligned_grid_per_seed.csv
calibration,cql,pid,20260430,0.8,17581.348423764583,7.556377872514189,0.1197323537045754,150000.0,,/tmp/kappa-selection-2VBMtk/input/poms_width_alignment_20260902/06_results/micro_aligned_grid_per_seed.csv
calibration,cql,pid,20260430,1.0,18369.095982750783,6.973002360059091,0.1482710050599776,150000.0,,/tmp/kappa-selection-2VBMtk/input/poms_width_alignment_20260902/06_results/micro_aligned_grid_per_seed.csv
calibration,cql,pid,20260431,0.0,12802.342316315617,11.304544300301394,0.0406210070477474,150000.0,,/tmp/kappa-selection-2VBMtk/input/poms_width_alignment_20260902/06_results/micro_aligned_grid_per_seed.csv
calibration,cql,pid,20260431,0.3,13088.954185086985,11.123376080028171,0.0418323844663657,150000.0,,/tmp/kappa-selection-2VBMtk/input/poms_width_alignment_20260902/06_results/micro_aligned_grid_per_seed.csv
calibration,cql,pid,20260431,0.5,14246.750169300336,10.171841033920431,0.0515097297236924,150000.0,,/tmp/kappa-selection-2VBMtk/input/poms_width_alignment_20260902/06_results/micro_aligned_grid_per_seed.csv
calibration,cql,pid,20260431,0.8,17563.295463943174,7.534345924743794,0.1208925175008891,150000.0,,/tmp/kappa-selection-2VBMtk/input/poms_width_alignment_20260902/06_results/micro_aligned_grid_per_seed.csv
calibration,cql,pid,20260431,1.0,18361.01055234293,6.995057486579436,0.1484217015838148,150000.0,,/tmp/kappa-selection-2VBMtk/input/poms_width_alignment_20260902/06_results/micro_aligned_grid_per_seed.csv
calibration,dt,pid,20260428,0.0,12801.088359464506,11.133121144269053,0.0406218405945141,150000.0,,/tmp/kappa-selection-2VBMtk/input/poms_width_alignment_20260902/06_results/micro_aligned_grid_per_seed.csv
calibration,dt,pid,20260428,0.3,12751.67235704257,10.958691062311264,0.0595251330324398,150000.0,,/tmp/kappa-selection-2VBMtk/input/poms_width_alignment_20260902/06_results/micro_aligned_grid_per_seed.csv
calibration,dt,pid,20260428,0.5,12839.323863352976,10.150424417689877,0.1255071016679516,150000.0,,/tmp/kappa-selection-2VBMtk/input/poms_width_alignment_20260902/06_results/micro_aligned_grid_per_seed.csv
calibration,dt,pid,20260428,0.8,14134.16385274872,8.39593671451467,0.1999232040181763,150000.0,,/tmp/kappa-selection-2VBMtk/input/poms_width_alignment_20260902/06_results/micro_aligned_grid_per_seed.csv
calibration,dt,pid,20260428,1.0,12405.566910516787,8.21570789792979,0.3093875941000165,150000.0,,/tmp/kappa-selection-2VBMtk/input/poms_width_alignment_20260902/06_results/micro_aligned_grid_per_seed.csv
calibration,dt,pid,20260429,0.0,12801.901161539094,11.263835024206472,0.0406216248715798,150000.0,,/tmp/kappa-selection-2VBMtk/input/poms_width_alignment_20260902/06_results/micro_aligned_grid_per_seed.csv
calibration,dt,pid,20260429,0.3,12718.475255206567,11.037178317689497,0.0600003132767705,150000.0,,/tmp/kappa-selection-2VBMtk/input/poms_width_alignment_20260902/06_results/micro_aligned_grid_per_seed.csv
calibration,dt,pid,20260429,0.5,12848.021498260194,10.23838133665572,0.1186118786650909,150000.0,,/tmp/kappa-selection-2VBMtk/input/poms_width_alignment_20260902/06_results/micro_aligned_grid_per_seed.csv
calibration,dt,pid,20260429,0.8,14263.904697356746,8.379408657072053,0.1922250054582484,150000.0,,/tmp/kappa-selection-2VBMtk/input/poms_width_alignment_20260902/06_results/micro_aligned_grid_per_seed.csv
calibration,dt,pid,20260429,1.0,12617.5250619023,8.283087769386361,0.2986985688586158,150000.0,,/tmp/kappa-selection-2VBMtk/input/poms_width_alignment_20260902/06_results/micro_aligned_grid_per_seed.csv
calibration,dt,pid,20260430,0.0,12800.768718364498,11.323210587946871,0.0406221109185472,150000.0,,/tmp/kappa-selection-2VBMtk/input/poms_width_alignment_20260902/06_results/micro_aligned_grid_per_seed.csv
calibration,dt,pid,20260430,0.3,12744.424697347407,10.945885441821655,0.0643457124330774,150000.0,,/tmp/kappa-selection-2VBMtk/input/poms_width_alignment_20260902/06_results/micro_aligned_grid_per_seed.csv
calibration,dt,pid,20260430,0.5,12899.34902548616,10.24648107296098,0.1203737548232028,150000.0,,/tmp/kappa-selection-2VBMtk/input/poms_width_alignment_20260902/06_results/micro_aligned_grid_per_seed.csv
calibration,dt,pid,20260430,0.8,14420.266681561274,8.38221510790298,0.1882662889506698,150000.0,,/tmp/kappa-selection-2VBMtk/input/poms_width_alignment_20260902/06_results/micro_aligned_grid_per_seed.csv
calibration,dt,pid,20260430,1.0,12697.773412363442,8.1955584654341,0.2987880176974528,150000.0,,/tmp/kappa-selection-2VBMtk/input/poms_width_alignment_20260902/06_results/micro_aligned_grid_per_seed.csv
calibration,dt,pid,20260431,0.0,12802.342316315617,11.304544300301394,0.0406210070477474,150000.0,,/tmp/kappa-selection-2VBMtk/input/poms_width_alignment_20260902/06_results/micro_aligned_grid_per_seed.csv
calibration,dt,pid,20260431,0.3,12718.26869818258,11.286114294794045,0.0628763097222603,150000.0,,/tmp/kappa-selection-2VBMtk/input/poms_width_alignment_20260902/06_results/micro_aligned_grid_per_seed.csv
calibration,dt,pid,20260431,0.5,12725.866757161451,10.479824569594754,0.1277292683240562,150000.0,,/tmp/kappa-selection-2VBMtk/input/poms_width_alignment_20260902/06_results/micro_aligned_grid_per_seed.csv
calibration,dt,pid,20260431,0.8,14184.768961268312,8.697408496921026,0.1951998004182352,150000.0,,/tmp/kappa-selection-2VBMtk/input/poms_width_alignment_20260902/06_results/micro_aligned_grid_per_seed.csv
calibration,dt,pid,20260431,1.0,12361.264517823953,8.571588885474185,0.3072441862759706,150000.0,,/tmp/kappa-selection-2VBMtk/input/poms_width_alignment_20260902/06_results/micro_aligned_grid_per_seed.csv
calibration,gas,pid,20260428,0.0,12801.088359464506,11.133121144269053,0.0406218405945141,150000.0,,/tmp/kappa-selection-2VBMtk/input/poms_width_alignment_20260902/06_results/micro_aligned_grid_per_seed.csv
calibration,gas,pid,20260428,0.3,13036.72468888706,10.875437155607957,0.0476017168262185,150000.0,,/tmp/kappa-selection-2VBMtk/input/poms_width_alignment_20260902/06_results/micro_aligned_grid_per_seed.csv
calibration,gas,pid,20260428,0.5,13968.451354707282,10.007863056487873,0.0587938390808306,150000.0,,/tmp/kappa-selection-2VBMtk/input/poms_width_alignment_20260902/06_results/micro_aligned_grid_per_seed.csv
calibration,gas,pid,20260428,0.8,16862.699877230174,8.051583384009932,0.0880776659270298,150000.0,,/tmp/kappa-selection-2VBMtk/input/poms_width_alignment_20260902/06_results/micro_aligned_grid_per_seed.csv
calibration,gas,pid,20260428,1.0,16353.812411328456,7.244764451138173,0.2020133449219626,150000.0,,/tmp/kappa-selection-2VBMtk/input/poms_width_alignment_20260902/06_results/micro_aligned_grid_per_seed.csv
calibration,gas,pid,20260429,0.0,12801.901161539094,11.263835024206472,0.0406216248715798,150000.0,,/tmp/kappa-selection-2VBMtk/input/poms_width_alignment_20260902/06_results/micro_aligned_grid_per_seed.csv
calibration,gas,pid,20260429,0.3,13044.3974281378,10.919404862912778,0.04513444275448,150000.0,,/tmp/kappa-selection-2VBMtk/input/poms_width_alignment_20260902/06_results/micro_aligned_grid_per_seed.csv
calibration,gas,pid,20260429,0.5,14183.7007831082,10.025543363717984,0.0503136956328679,150000.0,,/tmp/kappa-selection-2VBMtk/input/poms_width_alignment_20260902/06_results/micro_aligned_grid_per_seed.csv
calibration,gas,pid,20260429,0.8,17329.503205169374,8.11309118054196,0.0682385215520189,150000.0,,/tmp/kappa-selection-2VBMtk/input/poms_width_alignment_20260902/06_results/micro_aligned_grid_per_seed.csv
calibration,gas,pid,20260429,1.0,17497.469603578633,7.536109545353903,0.127167792457106,150000.0,,/tmp/kappa-selection-2VBMtk/input/poms_width_alignment_20260902/06_results/micro_aligned_grid_per_seed.csv
calibration,gas,pid,20260430,0.0,12800.768718364498,11.323210587946871,0.0406221109185472,150000.0,,/tmp/kappa-selection-2VBMtk/input/poms_width_alignment_20260902/06_results/micro_aligned_grid_per_seed.csv
calibration,gas,pid,20260430,0.3,12935.561689854774,10.924629333773508,0.0451145653659629,150000.0,,/tmp/kappa-selection-2VBMtk/input/poms_width_alignment_20260902/06_results/micro_aligned_grid_per_seed.csv
calibration,gas,pid,20260430,0.5,13934.59039143312,10.213118153011418,0.0649549893646211,150000.0,,/tmp/kappa-selection-2VBMtk/input/poms_width_alignment_20260902/06_results/micro_aligned_grid_per_seed.csv
calibration,gas,pid,20260430,0.8,17425.720318650987,8.161405130458627,0.0626898254505896,150000.0,,/tmp/kappa-selection-2VBMtk/input/poms_width_alignment_20260902/06_results/micro_aligned_grid_per_seed.csv
calibration,gas,pid,20260430,1.0,17306.926978701187,7.617665577045972,0.1284882735487554,150000.0,,/tmp/kappa-selection-2VBMtk/input/poms_width_alignment_20260902/06_results/micro_aligned_grid_per_seed.csv
calibration,gas,pid,20260431,0.0,12802.342316315617,11.304544300301394,0.0406210070477474,150000.0,,/tmp/kappa-selection-2VBMtk/input/poms_width_alignment_20260902/06_results/micro_aligned_grid_per_seed.csv
calibration,gas,pid,20260431,0.3,13015.385710739316,11.10754955176874,0.0477127517616857,150000.0,,/tmp/kappa-selection-2VBMtk/input/poms_width_alignment_20260902/06_results/micro_aligned_grid_per_seed.csv
calibration,gas,pid,20260431,0.5,13924.525697954656,10.33958266501023,0.0567543387466599,150000.0,,/tmp/kappa-selection-2VBMtk/input/poms_width_alignment_20260902/06_results/micro_aligned_grid_per_seed.csv
calibration,gas,pid,20260431,0.8,17440.370514667386,8.16237552872108,0.0600752499493331,150000.0,,/tmp/kappa-selection-2VBMtk/input/poms_width_alignment_20260902/06_results/micro_aligned_grid_per_seed.csv
calibration,gas,pid,20260431,1.0,17493.110272849113,7.661213359838177,0.1178878937482273,150000.0,,/tmp/kappa-selection-2VBMtk/input/poms_width_alignment_20260902/06_results/micro_aligned_grid_per_seed.csv
calibration,iql,pid,20260428,0.0,12801.088359464506,11.133121144269053,0.0406218405945141,150000.0,,/tmp/kappa-selection-2VBMtk/input/poms_width_alignment_20260902/06_results/micro_aligned_grid_per_seed.csv
calibration,iql,pid,20260428,0.3,12944.379916873972,10.804874206043548,0.051764239677611,150000.0,,/tmp/kappa-selection-2VBMtk/input/poms_width_alignment_20260902/06_results/micro_aligned_grid_per_seed.csv
calibration,iql,pid,20260428,0.5,14314.873256249257,9.898249197737982,0.0421794192988813,150000.0,,/tmp/kappa-selection-2VBMtk/input/poms_width_alignment_20260902/06_results/micro_aligned_grid_per_seed.csv
calibration,iql,pid,20260428,0.8,17501.342464639023,7.875134129492565,0.0737267236890793,150000.0,,/tmp/kappa-selection-2VBMtk/input/poms_width_alignment_20260902/06_results/micro_aligned_grid_per_seed.csv
calibration,iql,pid,20260428,1.0,17066.852299838505,7.064428025869988,0.1893333359379946,150000.0,,/tmp/kappa-selection-2VBMtk/input/poms_width_alignment_20260902/06_results/micro_aligned_grid_per_seed.csv
calibration,iql,pid,20260429,0.0,12801.901161539094,11.263835024206472,0.0406216248715798,150000.0,,/tmp/kappa-selection-2VBMtk/input/poms_width_alignment_20260902/06_results/micro_aligned_grid_per_seed.csv
calibration,iql,pid,20260429,0.3,12933.594614483429,10.918036055496549,0.0526784049180757,150000.0,,/tmp/kappa-selection-2VBMtk/input/poms_width_alignment_20260902/06_results/micro_aligned_grid_per_seed.csv
calibration,iql,pid,20260429,0.5,14319.774219416577,9.974678414178586,0.042031885102282,150000.0,,/tmp/kappa-selection-2VBMtk/input/poms_width_alignment_20260902/06_results/micro_aligned_grid_per_seed.csv
calibration,iql,pid,20260429,0.8,17537.416305019888,7.879019739556685,0.0701180903375148,150000.0,,/tmp/kappa-selection-2VBMtk/input/poms_width_alignment_20260902/06_results/micro_aligned_grid_per_seed.csv
calibration,iql,pid,20260429,1.0,17068.621204111143,7.107395937784283,0.1881932359862745,150000.0,,/tmp/kappa-selection-2VBMtk/input/poms_width_alignment_20260902/06_results/micro_aligned_grid_per_seed.csv
calibration,iql,pid,20260430,0.0,12800.768718364498,11.323210587946871,0.0406221109185472,150000.0,,/tmp/kappa-selection-2VBMtk/input/poms_width_alignment_20260902/06_results/micro_aligned_grid_per_seed.csv
calibration,iql,pid,20260430,0.3,12941.86185816836,10.93051554468434,0.0514498610322856,150000.0,,/tmp/kappa-selection-2VBMtk/input/poms_width_alignment_20260902/06_results/micro_aligned_grid_per_seed.csv
calibration,iql,pid,20260430,0.5,14347.810184590173,10.062979473012303,0.0411993158113809,150000.0,,/tmp/kappa-selection-2VBMtk/input/poms_width_alignment_20260902/06_results/micro_aligned_grid_per_seed.csv
calibration,iql,pid,20260430,0.8,17525.521813334017,8.030463028393052,0.0688945800679149,150000.0,,/tmp/kappa-selection-2VBMtk/input/poms_width_alignment_20260902/06_results/micro_aligned_grid_per_seed.csv
calibration,iql,pid,20260430,1.0,17019.726660401386,7.169094344862852,0.1892232235583058,150000.0,,/tmp/kappa-selection-2VBMtk/input/poms_width_alignment_20260902/06_results/micro_aligned_grid_per_seed.csv
calibration,iql,pid,20260431,0.0,12802.342316315617,11.304544300301394,0.0406210070477474,150000.0,,/tmp/kappa-selection-2VBMtk/input/poms_width_alignment_20260902/06_results/micro_aligned_grid_per_seed.csv
calibration,iql,pid,20260431,0.3,12942.965577811156,11.152788258538656,0.0514925345721417,150000.0,,/tmp/kappa-selection-2VBMtk/input/poms_width_alignment_20260902/06_results/micro_aligned_grid_per_seed.csv
calibration,iql,pid,20260431,0.5,14305.778894650672,10.173652994469837,0.0429983749868641,150000.0,,/tmp/kappa-selection-2VBMtk/input/poms_width_alignment_20260902/06_results/micro_aligned_grid_per_seed.csv
calibration,iql,pid,20260431,0.8,17462.01119001904,8.036081842940712,0.0730647463562601,150000.0,,/tmp/kappa-selection-2VBMtk/input/poms_width_alignment_20260902/06_results/micro_aligned_grid_per_seed.csv
calibration,iql,pid,20260431,1.0,16988.248573336507,7.202335968168861,0.1878645962292744,150000.0,,/tmp/kappa-selection-2VBMtk/input/poms_width_alignment_20260902/06_results/micro_aligned_grid_per_seed.csv
calibration,sembid,pid,20260428,0.0,12801.088359464506,11.133121144269053,0.0406218405945141,150000.0,,/tmp/kappa-selection-2VBMtk/input/poms_width_alignment_20260902/06_results/micro_aligned_grid_per_seed.csv
calibration,sembid,pid,20260428,0.3,12942.411743405111,11.001307273215218,0.0513206028064002,150000.0,,/tmp/kappa-selection-2VBMtk/input/poms_width_alignment_20260902/06_results/micro_aligned_grid_per_seed.csv
calibration,sembid,pid,20260428,0.5,13681.305158440737,9.937965808622057,0.0860384111337183,150000.0,,/tmp/kappa-selection-2VBMtk/input/poms_width_alignment_20260902/06_results/micro_aligned_grid_per_seed.csv
calibration,sembid,pid,20260428,0.8,15861.447673523022,7.595314161341334,0.1901876041177818,150000.0,,/tmp/kappa-selection-2VBMtk/input/poms_width_alignment_20260902/06_results/micro_aligned_grid_per_seed.csv
calibration,sembid,pid,20260428,1.0,14581.19163557672,6.160486616334198,0.3947116549897732,150000.0,,/tmp/kappa-selection-2VBMtk/input/poms_width_alignment_20260902/06_results/micro_aligned_grid_per_seed.csv
calibration,sembid,pid,20260429,0.0,12801.901161539094,11.263835024206472,0.0406216248715798,150000.0,,/tmp/kappa-selection-2VBMtk/input/poms_width_alignment_20260902/06_results/micro_aligned_grid_per_seed.csv
calibration,sembid,pid,20260429,0.3,12977.664890217991,10.927329013293974,0.0498323178640372,150000.0,,/tmp/kappa-selection-2VBMtk/input/poms_width_alignment_20260902/06_results/micro_aligned_grid_per_seed.csv
calibration,sembid,pid,20260429,0.5,13682.812594864688,10.012546003620702,0.0853872977225876,150000.0,,/tmp/kappa-selection-2VBMtk/input/poms_width_alignment_20260902/06_results/micro_aligned_grid_per_seed.csv
calibration,sembid,pid,20260429,0.8,15880.430495981162,7.650602763315064,0.1902091995123064,150000.0,,/tmp/kappa-selection-2VBMtk/input/poms_width_alignment_20260902/06_results/micro_aligned_grid_per_seed.csv
calibration,sembid,pid,20260429,1.0,14640.21453853302,6.207368429440487,0.3935401044436602,150000.0,,/tmp/kappa-selection-2VBMtk/input/poms_width_alignment_20260902/06_results/micro_aligned_grid_per_seed.csv
calibration,sembid,pid,20260430,0.0,12800.768718364498,11.323210587946871,0.0406221109185472,150000.0,,/tmp/kappa-selection-2VBMtk/input/poms_width_alignment_20260902/06_results/micro_aligned_grid_per_seed.csv
calibration,sembid,pid,20260430,0.3,12923.739147176391,10.93063916619553,0.0512933913019953,150000.0,,/tmp/kappa-selection-2VBMtk/input/poms_width_alignment_20260902/06_results/micro_aligned_grid_per_seed.csv
calibration,sembid,pid,20260430,0.5,13661.231170307288,10.062161019915598,0.0870936711997841,150000.0,,/tmp/kappa-selection-2VBMtk/input/poms_width_alignment_20260902/06_results/micro_aligned_grid_per_seed.csv
calibration,sembid,pid,20260430,0.8,15938.287883521063,7.676973105988224,0.1884415830556264,150000.0,,/tmp/kappa-selection-2VBMtk/input/poms_width_alignment_20260902/06_results/micro_aligned_grid_per_seed.csv
calibration,sembid,pid,20260430,1.0,14543.623564734737,6.180468087733121,0.3986404550635632,150000.0,,/tmp/kappa-selection-2VBMtk/input/poms_width_alignment_20260902/06_results/micro_aligned_grid_per_seed.csv
calibration,sembid,pid,20260431,0.0,12802.342316315617,11.304544300301394,0.0406210070477474,150000.0,,/tmp/kappa-selection-2VBMtk/input/poms_width_alignment_20260902/06_results/micro_aligned_grid_per_seed.csv
calibration,sembid,pid,20260431,0.3,12960.691614953168,11.133798623500285,0.0503612027395751,150000.0,,/tmp/kappa-selection-2VBMtk/input/poms_width_alignment_20260902/06_results/micro_aligned_grid_per_seed.csv
calibration,sembid,pid,20260431,0.5,13672.419437760238,10.170701301775564,0.0866032184252024,150000.0,,/tmp/kappa-selection-2VBMtk/input/poms_width_alignment_20260902/06_results/micro_aligned_grid_per_seed.csv
calibration,sembid,pid,20260431,0.8,15914.6593580189,7.746460565648878,0.1880676465791171,150000.0,,/tmp/kappa-selection-2VBMtk/input/poms_width_alignment_20260902/06_results/micro_aligned_grid_per_seed.csv
calibration,sembid,pid,20260431,1.0,14663.581759584013,6.290375643097439,0.3925593920648865,150000.0,,/tmp/kappa-selection-2VBMtk/input/poms_width_alignment_20260902/06_results/micro_aligned_grid_per_seed.csv
calibration,cql,traffic_aware,20260428,0.0,11000.516676272997,13.623835524099173,0.0008718008156438,150000.0,,/tmp/kappa-selection-2VBMtk/input/poms_width_alignment_20260902/06_results/micro_aligned_grid_per_seed.csv
calibration,cql,traffic_aware,20260428,0.3,14240.82766681899,10.208207211563485,0.0308445354196373,150000.0,,/tmp/kappa-selection-2VBMtk/input/poms_width_alignment_20260902/06_results/micro_aligned_grid_per_seed.csv
calibration,cql,traffic_aware,20260428,0.5,16859.070537030668,8.121095049368986,0.0872392381650514,150000.0,,/tmp/kappa-selection-2VBMtk/input/poms_width_alignment_20260902/06_results/micro_aligned_grid_per_seed.csv
calibration,cql,traffic_aware,20260428,0.8,18476.420863928,6.9928862846947855,0.138643266335929,150000.0,,/tmp/kappa-selection-2VBMtk/input/poms_width_alignment_20260902/06_results/micro_aligned_grid_per_seed.csv
calibration,cql,traffic_aware,20260428,1.0,18357.93730349464,6.8648999127590695,0.1481116868260133,150000.0,,/tmp/kappa-selection-2VBMtk/input/poms_width_alignment_20260902/06_results/micro_aligned_grid_per_seed.csv
calibration,cql,traffic_aware,20260429,0.0,11001.365197572854,13.622771686279762,0.0008727578405397,150000.0,,/tmp/kappa-selection-2VBMtk/input/poms_width_alignment_20260902/06_results/micro_aligned_grid_per_seed.csv
calibration,cql,traffic_aware,20260429,0.3,14240.646895736034,10.206804182760404,0.0309900379959165,150000.0,,/tmp/kappa-selection-2VBMtk/input/poms_width_alignment_20260902/06_results/micro_aligned_grid_per_seed.csv
calibration,cql,traffic_aware,20260429,0.5,16862.982486885972,8.12042852467515,0.0871023733492909,150000.0,,/tmp/kappa-selection-2VBMtk/input/poms_width_alignment_20260902/06_results/micro_aligned_grid_per_seed.csv
calibration,cql,traffic_aware,20260429,0.8,18479.51826787693,6.992629758078015,0.1385304709673164,150000.0,,/tmp/kappa-selection-2VBMtk/input/poms_width_alignment_20260902/06_results/micro_aligned_grid_per_seed.csv
calibration,cql,traffic_aware,20260429,1.0,18368.996572560565,7.010173846590739,0.1473759222853191,150000.0,,/tmp/kappa-selection-2VBMtk/input/poms_width_alignment_20260902/06_results/micro_aligned_grid_per_seed.csv
calibration,cql,traffic_aware,20260430,0.0,10999.861058138122,13.624645649949516,0.0008719392279291,150000.0,,/tmp/kappa-selection-2VBMtk/input/poms_width_alignment_20260902/06_results/micro_aligned_grid_per_seed.csv
calibration,cql,traffic_aware,20260430,0.3,14244.716604091842,10.206853031125508,0.0307084743466756,150000.0,,/tmp/kappa-selection-2VBMtk/input/poms_width_alignment_20260902/06_results/micro_aligned_grid_per_seed.csv
calibration,cql,traffic_aware,20260430,0.5,16862.784954966904,8.122679573106737,0.0868600073373247,150000.0,,/tmp/kappa-selection-2VBMtk/input/poms_width_alignment_20260902/06_results/micro_aligned_grid_per_seed.csv
calibration,cql,traffic_aware,20260430,0.8,18488.307419979523,6.9924569156760095,0.1381420461468006,150000.0,,/tmp/kappa-selection-2VBMtk/input/poms_width_alignment_20260902/06_results/micro_aligned_grid_per_seed.csv
calibration,cql,traffic_aware,20260430,1.0,18380.139341804294,6.979906068119704,0.1470554784757675,150000.0,,/tmp/kappa-selection-2VBMtk/input/poms_width_alignment_20260902/06_results/micro_aligned_grid_per_seed.csv
calibration,cql,traffic_aware,20260431,0.0,11000.058085189426,13.624370283434398,0.0008742367206191,150000.0,,/tmp/kappa-selection-2VBMtk/input/poms_width_alignment_20260902/06_results/micro_aligned_grid_per_seed.csv
calibration,cql,traffic_aware,20260431,0.3,14246.467023855836,10.206760988654828,0.0305981076983387,150000.0,,/tmp/kappa-selection-2VBMtk/input/poms_width_alignment_20260902/06_results/micro_aligned_grid_per_seed.csv
calibration,cql,traffic_aware,20260431,0.5,16862.621370514244,8.124610912549048,0.0866517493262479,150000.0,,/tmp/kappa-selection-2VBMtk/input/poms_width_alignment_20260902/06_results/micro_aligned_grid_per_seed.csv
calibration,cql,traffic_aware,20260431,0.8,18486.57613713981,6.993775524858991,0.1380602418241952,150000.0,,/tmp/kappa-selection-2VBMtk/input/poms_width_alignment_20260902/06_results/micro_aligned_grid_per_seed.csv
calibration,cql,traffic_aware,20260431,1.0,18372.512442253832,6.997282708891299,0.1472644805431091,150000.0,,/tmp/kappa-selection-2VBMtk/input/poms_width_alignment_20260902/06_results/micro_aligned_grid_per_seed.csv
calibration,dt,traffic_aware,20260428,0.0,11000.516676272997,13.623835524099173,0.0008718008156438,150000.0,,/tmp/kappa-selection-2VBMtk/input/poms_width_alignment_20260902/06_results/micro_aligned_grid_per_seed.csv
calibration,dt,traffic_aware,20260428,0.3,13791.545262788364,10.781410908766745,0.0087178897001547,150000.0,,/tmp/kappa-selection-2VBMtk/input/poms_width_alignment_20260902/06_results/micro_aligned_grid_per_seed.csv
calibration,dt,traffic_aware,20260428,0.5,15711.710133718214,9.34198847233213,0.0214759003345369,150000.0,,/tmp/kappa-selection-2VBMtk/input/poms_width_alignment_20260902/06_results/micro_aligned_grid_per_seed.csv
calibration,dt,traffic_aware,20260428,0.8,15262.423744789385,8.44782140301837,0.1404384668455498,150000.0,,/tmp/kappa-selection-2VBMtk/input/poms_width_alignment_20260902/06_results/micro_aligned_grid_per_seed.csv
calibration,dt,traffic_aware,20260428,1.0,13892.581442337289,8.439544598609372,0.2107337891380459,150000.0,,/tmp/kappa-selection-2VBMtk/input/poms_width_alignment_20260902/06_results/micro_aligned_grid_per_seed.csv
calibration,dt,traffic_aware,20260429,0.0,11001.365197572854,13.622771686279762,0.0008727578405397,150000.0,,/tmp/kappa-selection-2VBMtk/input/poms_width_alignment_20260902/06_results/micro_aligned_grid_per_seed.csv
calibration,dt,traffic_aware,20260429,0.3,13761.621931675018,10.793557945636175,0.0097542416968538,150000.0,,/tmp/kappa-selection-2VBMtk/input/poms_width_alignment_20260902/06_results/micro_aligned_grid_per_seed.csv
calibration,dt,traffic_aware,20260429,0.5,15592.767636058825,9.386251183129508,0.0242824421851957,150000.0,,/tmp/kappa-selection-2VBMtk/input/poms_width_alignment_20260902/06_results/micro_aligned_grid_per_seed.csv
calibration,dt,traffic_aware,20260429,0.8,15197.573251808566,8.475132581634568,0.1413236784787947,150000.0,,/tmp/kappa-selection-2VBMtk/input/poms_width_alignment_20260902/06_results/micro_aligned_grid_per_seed.csv
calibration,dt,traffic_aware,20260429,1.0,13942.114664576044,8.509771944371998,0.2080238910437737,150000.0,,/tmp/kappa-selection-2VBMtk/input/poms_width_alignment_20260902/06_results/micro_aligned_grid_per_seed.csv
calibration,dt,traffic_aware,20260430,0.0,10999.861058138122,13.624645649949516,0.0008719392279291,150000.0,,/tmp/kappa-selection-2VBMtk/input/poms_width_alignment_20260902/06_results/micro_aligned_grid_per_seed.csv
calibration,dt,traffic_aware,20260430,0.3,13785.00161533041,10.772285056884058,0.0100268872670241,150000.0,,/tmp/kappa-selection-2VBMtk/input/poms_width_alignment_20260902/06_results/micro_aligned_grid_per_seed.csv
calibration,dt,traffic_aware,20260430,0.5,15717.496260898028,9.323383502023235,0.0230650311202094,150000.0,,/tmp/kappa-selection-2VBMtk/input/poms_width_alignment_20260902/06_results/micro_aligned_grid_per_seed.csv
calibration,dt,traffic_aware,20260430,0.8,15261.179104816696,8.414957810471824,0.1438521446327556,150000.0,,/tmp/kappa-selection-2VBMtk/input/poms_width_alignment_20260902/06_results/micro_aligned_grid_per_seed.csv
calibration,dt,traffic_aware,20260430,1.0,13996.078129743555,8.393291926303938,0.2096316769397069,150000.0,,/tmp/kappa-selection-2VBMtk/input/poms_width_alignment_20260902/06_results/micro_aligned_grid_per_seed.csv
calibration,dt,traffic_aware,20260431,0.0,11000.058085189426,13.624370283434398,0.0008742367206191,150000.0,,/tmp/kappa-selection-2VBMtk/input/poms_width_alignment_20260902/06_results/micro_aligned_grid_per_seed.csv
calibration,dt,traffic_aware,20260431,0.3,13797.530284375547,10.7690244920198,0.0094270562544985,150000.0,,/tmp/kappa-selection-2VBMtk/input/poms_width_alignment_20260902/06_results/micro_aligned_grid_per_seed.csv
calibration,dt,traffic_aware,20260431,0.5,15670.52373230411,9.348252667435077,0.0233865647958898,150000.0,,/tmp/kappa-selection-2VBMtk/input/poms_width_alignment_20260902/06_results/micro_aligned_grid_per_seed.csv
calibration,dt,traffic_aware,20260431,0.8,15212.9821063173,8.465255333159908,0.1414548139415415,150000.0,,/tmp/kappa-selection-2VBMtk/input/poms_width_alignment_20260902/06_results/micro_aligned_grid_per_seed.csv
calibration,dt,traffic_aware,20260431,1.0,13926.361012452478,8.683690786910901,0.2072369224269416,150000.0,,/tmp/kappa-selection-2VBMtk/input/poms_width_alignment_20260902/06_results/micro_aligned_grid_per_seed.csv
calibration,gas,traffic_aware,20260428,0.0,11000.516676272997,13.623835524099173,0.0008718008156438,150000.0,,/tmp/kappa-selection-2VBMtk/input/poms_width_alignment_20260902/06_results/micro_aligned_grid_per_seed.csv
calibration,gas,traffic_aware,20260428,0.3,14022.250036276651,10.575546733125012,0.0113802629186158,150000.0,,/tmp/kappa-selection-2VBMtk/input/poms_width_alignment_20260902/06_results/micro_aligned_grid_per_seed.csv
calibration,gas,traffic_aware,20260428,0.5,16223.671854914426,8.969126160555948,0.0299189356387451,150000.0,,/tmp/kappa-selection-2VBMtk/input/poms_width_alignment_20260902/06_results/micro_aligned_grid_per_seed.csv
calibration,gas,traffic_aware,20260428,0.8,18178.72850650028,7.587881755535745,0.080413050844593,150000.0,,/tmp/kappa-selection-2VBMtk/input/poms_width_alignment_20260902/06_results/micro_aligned_grid_per_seed.csv
calibration,gas,traffic_aware,20260428,1.0,16590.52475426241,7.271977358526669,0.186556612675202,150000.0,,/tmp/kappa-selection-2VBMtk/input/poms_width_alignment_20260902/06_results/micro_aligned_grid_per_seed.csv
calibration,gas,traffic_aware,20260429,0.0,11001.365197572854,13.622771686279762,0.0008727578405397,150000.0,,/tmp/kappa-selection-2VBMtk/input/poms_width_alignment_20260902/06_results/micro_aligned_grid_per_seed.csv
calibration,gas,traffic_aware,20260429,0.3,14192.76543812338,10.507086942978075,0.0058358638689556,150000.0,,/tmp/kappa-selection-2VBMtk/input/poms_width_alignment_20260902/06_results/micro_aligned_grid_per_seed.csv
calibration,gas,traffic_aware,20260429,0.5,16452.860212971656,8.923070653789841,0.021266439084841,150000.0,,/tmp/kappa-selection-2VBMtk/input/poms_width_alignment_20260902/06_results/micro_aligned_grid_per_seed.csv
calibration,gas,traffic_aware,20260429,0.8,18594.0939127826,7.550872173867564,0.0639891578379308,150000.0,,/tmp/kappa-selection-2VBMtk/input/poms_width_alignment_20260902/06_results/micro_aligned_grid_per_seed.csv
calibration,gas,traffic_aware,20260429,1.0,17736.56557532184,7.621014491516645,0.1092558262315295,150000.0,,/tmp/kappa-selection-2VBMtk/input/poms_width_alignment_20260902/06_results/micro_aligned_grid_per_seed.csv
calibration,gas,traffic_aware,20260430,0.0,10999.861058138122,13.624645649949516,0.0008719392279291,150000.0,,/tmp/kappa-selection-2VBMtk/input/poms_width_alignment_20260902/06_results/micro_aligned_grid_per_seed.csv
calibration,gas,traffic_aware,20260430,0.3,14077.529732560952,10.5312586657729,0.0116392867419455,150000.0,,/tmp/kappa-selection-2VBMtk/input/poms_width_alignment_20260902/06_results/micro_aligned_grid_per_seed.csv
calibration,gas,traffic_aware,20260430,0.5,16377.338751529524,8.882824823342062,0.0301531253175443,150000.0,,/tmp/kappa-selection-2VBMtk/input/poms_width_alignment_20260902/06_results/micro_aligned_grid_per_seed.csv
calibration,gas,traffic_aware,20260430,0.8,18540.6551803126,7.572008801082196,0.0640666386456186,150000.0,,/tmp/kappa-selection-2VBMtk/input/poms_width_alignment_20260902/06_results/micro_aligned_grid_per_seed.csv
calibration,gas,traffic_aware,20260430,1.0,17515.745467336303,7.724631154981349,0.1051787270069555,150000.0,,/tmp/kappa-selection-2VBMtk/input/poms_width_alignment_20260902/06_results/micro_aligned_grid_per_seed.csv
calibration,gas,traffic_aware,20260431,0.0,11000.058085189426,13.624370283434398,0.0008742367206191,150000.0,,/tmp/kappa-selection-2VBMtk/input/poms_width_alignment_20260902/06_results/micro_aligned_grid_per_seed.csv
calibration,gas,traffic_aware,20260431,0.3,14186.294289056852,10.514293016464077,0.005607633513769,150000.0,,/tmp/kappa-selection-2VBMtk/input/poms_width_alignment_20260902/06_results/micro_aligned_grid_per_seed.csv
calibration,gas,traffic_aware,20260431,0.5,16263.57432231304,9.05348805578902,0.018386160856679,150000.0,,/tmp/kappa-selection-2VBMtk/input/poms_width_alignment_20260902/06_results/micro_aligned_grid_per_seed.csv
calibration,gas,traffic_aware,20260431,0.8,18569.535606817943,7.648601573599138,0.053126804911247,150000.0,,/tmp/kappa-selection-2VBMtk/input/poms_width_alignment_20260902/06_results/micro_aligned_grid_per_seed.csv
calibration,gas,traffic_aware,20260431,1.0,17871.815051697416,7.698874012876516,0.0933805962436564,150000.0,,/tmp/kappa-selection-2VBMtk/input/poms_width_alignment_20260902/06_results/micro_aligned_grid_per_seed.csv
calibration,iql,traffic_aware,20260428,0.0,11000.516676272997,13.623835524099173,0.0008718008156438,150000.0,,/tmp/kappa-selection-2VBMtk/input/poms_width_alignment_20260902/06_results/micro_aligned_grid_per_seed.csv
calibration,iql,traffic_aware,20260428,0.3,13778.341264704271,10.793025524595777,0.0086000736230371,150000.0,,/tmp/kappa-selection-2VBMtk/input/poms_width_alignment_20260902/06_results/micro_aligned_grid_per_seed.csv
calibration,iql,traffic_aware,20260428,0.5,15726.6319404633,9.204725195115955,0.034937831622014,150000.0,,/tmp/kappa-selection-2VBMtk/input/poms_width_alignment_20260902/06_results/micro_aligned_grid_per_seed.csv
calibration,iql,traffic_aware,20260428,0.8,18353.746463274067,7.59111458359832,0.071164050393161,150000.0,,/tmp/kappa-selection-2VBMtk/input/poms_width_alignment_20260902/06_results/micro_aligned_grid_per_seed.csv
calibration,iql,traffic_aware,20260428,1.0,17143.856036680427,7.079602550942888,0.182777878869488,150000.0,,/tmp/kappa-selection-2VBMtk/input/poms_width_alignment_20260902/06_results/micro_aligned_grid_per_seed.csv
calibration,iql,traffic_aware,20260429,0.0,11001.365197572854,13.622771686279762,0.0008727578405397,150000.0,,/tmp/kappa-selection-2VBMtk/input/poms_width_alignment_20260902/06_results/micro_aligned_grid_per_seed.csv
calibration,iql,traffic_aware,20260429,0.3,13769.668833617086,10.797213572329616,0.0088396318879032,150000.0,,/tmp/kappa-selection-2VBMtk/input/poms_width_alignment_20260902/06_results/micro_aligned_grid_per_seed.csv
calibration,iql,traffic_aware,20260429,0.5,15699.513374506105,9.21476125202831,0.0355515498726729,150000.0,,/tmp/kappa-selection-2VBMtk/input/poms_width_alignment_20260902/06_results/micro_aligned_grid_per_seed.csv
calibration,iql,traffic_aware,20260429,0.8,18315.259372408906,7.610207761889492,0.0707804730871634,150000.0,,/tmp/kappa-selection-2VBMtk/input/poms_width_alignment_20260902/06_results/micro_aligned_grid_per_seed.csv
calibration,iql,traffic_aware,20260429,1.0,17134.795789883312,7.160105273537957,0.1815522331994498,150000.0,,/tmp/kappa-selection-2VBMtk/input/poms_width_alignment_20260902/06_results/micro_aligned_grid_per_seed.csv
calibration,iql,traffic_aware,20260430,0.0,10999.861058138122,13.624645649949516,0.0008719392279291,150000.0,,/tmp/kappa-selection-2VBMtk/input/poms_width_alignment_20260902/06_results/micro_aligned_grid_per_seed.csv
calibration,iql,traffic_aware,20260430,0.3,13777.466765168614,10.79047032551265,0.0088976913980753,150000.0,,/tmp/kappa-selection-2VBMtk/input/poms_width_alignment_20260902/06_results/micro_aligned_grid_per_seed.csv
calibration,iql,traffic_aware,20260430,0.5,15683.334028648638,9.216719969217154,0.0363406804950079,150000.0,,/tmp/kappa-selection-2VBMtk/input/poms_width_alignment_20260902/06_results/micro_aligned_grid_per_seed.csv
calibration,iql,traffic_aware,20260430,0.8,18331.806535754968,7.612792238069972,0.0696251032986945,150000.0,,/tmp/kappa-selection-2VBMtk/input/poms_width_alignment_20260902/06_results/micro_aligned_grid_per_seed.csv
calibration,iql,traffic_aware,20260430,1.0,17082.420815317444,7.169695714195648,0.1837540419245347,150000.0,,/tmp/kappa-selection-2VBMtk/input/poms_width_alignment_20260902/06_results/micro_aligned_grid_per_seed.csv
calibration,iql,traffic_aware,20260431,0.0,11000.058085189426,13.624370283434398,0.0008742367206191,150000.0,,/tmp/kappa-selection-2VBMtk/input/poms_width_alignment_20260902/06_results/micro_aligned_grid_per_seed.csv
calibration,iql,traffic_aware,20260431,0.3,13772.418226922317,10.798156590993626,0.0085551423269203,150000.0,,/tmp/kappa-selection-2VBMtk/input/poms_width_alignment_20260902/06_results/micro_aligned_grid_per_seed.csv
calibration,iql,traffic_aware,20260431,0.5,15692.196127280004,9.218524903291808,0.0356073280888667,150000.0,,/tmp/kappa-selection-2VBMtk/input/poms_width_alignment_20260902/06_results/micro_aligned_grid_per_seed.csv
calibration,iql,traffic_aware,20260431,0.8,18297.664025184044,7.63472094216945,0.0686829418276456,150000.0,,/tmp/kappa-selection-2VBMtk/input/poms_width_alignment_20260902/06_results/micro_aligned_grid_per_seed.csv
calibration,iql,traffic_aware,20260431,1.0,17059.420610584,7.241008676842586,0.1819108396903198,150000.0,,/tmp/kappa-selection-2VBMtk/input/poms_width_alignment_20260902/06_results/micro_aligned_grid_per_seed.csv
calibration,sembid,traffic_aware,20260428,0.0,11000.516676272997,13.623835524099173,0.0008718008156438,150000.0,,/tmp/kappa-selection-2VBMtk/input/poms_width_alignment_20260902/06_results/micro_aligned_grid_per_seed.csv
calibration,sembid,traffic_aware,20260428,0.3,13318.241127278365,11.025178637249144,0.0210934162519841,150000.0,,/tmp/kappa-selection-2VBMtk/input/poms_width_alignment_20260902/06_results/micro_aligned_grid_per_seed.csv
calibration,sembid,traffic_aware,20260428,0.5,14940.000428418934,9.173753820557364,0.0862940932710876,150000.0,,/tmp/kappa-selection-2VBMtk/input/poms_width_alignment_20260902/06_results/micro_aligned_grid_per_seed.csv
calibration,sembid,traffic_aware,20260428,0.8,16925.289966476885,6.890484105647806,0.2225103900167382,150000.0,,/tmp/kappa-selection-2VBMtk/input/poms_width_alignment_20260902/06_results/micro_aligned_grid_per_seed.csv
calibration,sembid,traffic_aware,20260428,1.0,14808.40445224823,6.200329963228921,0.3810003920043086,150000.0,,/tmp/kappa-selection-2VBMtk/input/poms_width_alignment_20260902/06_results/micro_aligned_grid_per_seed.csv
calibration,sembid,traffic_aware,20260429,0.0,11001.365197572854,13.622771686279762,0.0008727578405397,150000.0,,/tmp/kappa-selection-2VBMtk/input/poms_width_alignment_20260902/06_results/micro_aligned_grid_per_seed.csv
calibration,sembid,traffic_aware,20260429,0.3,13301.026996786251,11.035395416872126,0.0214527175998171,150000.0,,/tmp/kappa-selection-2VBMtk/input/poms_width_alignment_20260902/06_results/micro_aligned_grid_per_seed.csv
calibration,sembid,traffic_aware,20260429,0.5,14890.612300003624,9.216286159510895,0.0850923730188926,150000.0,,/tmp/kappa-selection-2VBMtk/input/poms_width_alignment_20260902/06_results/micro_aligned_grid_per_seed.csv
calibration,sembid,traffic_aware,20260429,0.8,16793.494669105297,6.898157336417199,0.2277055436281877,150000.0,,/tmp/kappa-selection-2VBMtk/input/poms_width_alignment_20260902/06_results/micro_aligned_grid_per_seed.csv
calibration,sembid,traffic_aware,20260429,1.0,14818.236854294984,6.258795872707533,0.381171989412493,150000.0,,/tmp/kappa-selection-2VBMtk/input/poms_width_alignment_20260902/06_results/micro_aligned_grid_per_seed.csv
calibration,sembid,traffic_aware,20260430,0.0,10999.861058138122,13.624645649949516,0.0008719392279291,150000.0,,/tmp/kappa-selection-2VBMtk/input/poms_width_alignment_20260902/06_results/micro_aligned_grid_per_seed.csv
calibration,sembid,traffic_aware,20260430,0.3,13338.285318115884,11.006004735487116,0.0213251241702553,150000.0,,/tmp/kappa-selection-2VBMtk/input/poms_width_alignment_20260902/06_results/micro_aligned_grid_per_seed.csv
calibration,sembid,traffic_aware,20260430,0.5,14981.842119900415,9.163905506946326,0.0847187632882944,150000.0,,/tmp/kappa-selection-2VBMtk/input/poms_width_alignment_20260902/06_results/micro_aligned_grid_per_seed.csv
calibration,sembid,traffic_aware,20260430,0.8,16822.43855410081,6.889667382909494,0.2273266252854167,150000.0,,/tmp/kappa-selection-2VBMtk/input/poms_width_alignment_20260902/06_results/micro_aligned_grid_per_seed.csv
calibration,sembid,traffic_aware,20260430,1.0,14822.783186259308,6.230588932425622,0.3818840406438246,150000.0,,/tmp/kappa-selection-2VBMtk/input/poms_width_alignment_20260902/06_results/micro_aligned_grid_per_seed.csv
calibration,sembid,traffic_aware,20260431,0.0,11000.058085189426,13.624370283434398,0.0008742367206191,150000.0,,/tmp/kappa-selection-2VBMtk/input/poms_width_alignment_20260902/06_results/micro_aligned_grid_per_seed.csv
calibration,sembid,traffic_aware,20260431,0.3,13344.989151759995,10.996640313557377,0.0216663620651344,150000.0,,/tmp/kappa-selection-2VBMtk/input/poms_width_alignment_20260902/06_results/micro_aligned_grid_per_seed.csv
calibration,sembid,traffic_aware,20260431,0.5,14972.202571698865,9.140464445038294,0.0876474315298374,150000.0,,/tmp/kappa-selection-2VBMtk/input/poms_width_alignment_20260902/06_results/micro_aligned_grid_per_seed.csv
calibration,sembid,traffic_aware,20260431,0.8,16908.383027924207,6.899879343431802,0.2222279814319526,150000.0,,/tmp/kappa-selection-2VBMtk/input/poms_width_alignment_20260902/06_results/micro_aligned_grid_per_seed.csv
calibration,sembid,traffic_aware,20260431,1.0,14833.218805740647,6.339046332241091,0.3811822970466204,150000.0,,/tmp/kappa-selection-2VBMtk/input/poms_width_alignment_20260902/06_results/micro_aligned_grid_per_seed.csv
