cap_pp,rule,mean_normalized_regret,median_normalized_regret,violation_rate,mean_violation_severity_pp,exact_oracle_rate,within_one_step_rate,mean_value_capture
5.0,B_fixed_0,0.023964070458078184,0.02366919657080171,0.0,0.0,0.0,0.26666666666666666,0.0
5.0,B_fixed_0.3,0.015926228790413655,0.016146103699082304,0.0,0.0,0.26666666666666666,0.8666666666666667,0.3244542747941969
5.0,B_fixed_0.8,0.0018738533117143791,0.0,0.8666666666666667,6.9354095352673255,0.13333333333333333,0.7333333333333333,0.8834426479927567
5.0,B_fixed_1,0.0069564253265714535,0.003515645852061316,1.0,20.68413573070691,0.0,0.13333333333333333,0.4385254387714831
5.0,B_global_cal,0.009383433240590329,0.00866545912928855,0.26666666666666666,0.9680313126463261,0.6,1.0,0.5825565487024882
5.0,B_reference_cal,0.01289186659204808,0.011690365105875584,0.06666666666666667,0.11650168111594604,0.6666666666666666,1.0,0.4797253929984599
5.0,R1_frontier,0.008989120552159448,0.007460645643508251,0.13333333333333333,0.3337794311677421,0.7333333333333333,1.0,0.5739400027396903
5.0,R2_near_best_95,0.008989120552159448,0.007460645643508251,0.13333333333333333,0.3337794311677421,0.7333333333333333,1.0,0.5739400027396903
5.0,R3_sequential,0.008989120552159448,0.007460645643508251,0.13333333333333333,0.3337794311677421,0.7333333333333333,1.0,0.5739400027396903
5.0,R4_kink_aware,0.008989120552159448,0.007460645643508251,0.13333333333333333,0.3337794311677421,0.7333333333333333,1.0,0.5739400027396903
10.0,B_fixed_0,0.023964070458078184,0.02366919657080171,0.0,0.0,0.0,0.2,0.0
10.0,B_fixed_0.3,0.015926228790413655,0.016146103699082304,0.0,0.0,0.2,0.4,0.3244542747941969
10.0,B_fixed_0.8,0.0018738533117143791,0.0,0.4,3.716837775678415,0.5333333333333333,0.8,0.8834426479927567
10.0,B_fixed_1,0.0069564253265714535,0.003515645852061316,0.9333333333333333,15.789313458340896,0.06666666666666667,0.6,0.4385254387714831
10.0,B_global_cal,0.0018738533117143791,0.0,0.4,3.716837775678415,0.5333333333333333,0.8,0.8834426479927567
10.0,B_reference_cal,0.00231402459499494,0.0005472652239516659,0.3333333333333333,1.3686362734666,0.4666666666666667,0.9333333333333333,0.8826252883332052
10.0,R1_frontier,0.00177095246376269,0.0,0.2,0.0672844301330438,0.6,1.0,0.8994646496803573
10.0,R2_near_best_95,0.00177095246376269,0.0,0.2,0.0672844301330438,0.6,1.0,0.8994646496803573
10.0,R3_sequential,0.0033880300917516425,0.0,0.2,0.0672844301330438,0.5333333333333333,0.9333333333333333,0.7788133773606637
10.0,R4_kink_aware,0.00177095246376269,0.0,0.2,0.0672844301330438,0.6,1.0,0.8994646496803573
20.0,B_fixed_0,0.023964070458078184,0.02366919657080171,0.0,0.0,0.0,0.06666666666666667,0.0
20.0,B_fixed_0.3,0.015926228790413655,0.016146103699082304,0.0,0.0,0.06666666666666667,0.26666666666666666,0.3244542747941969
20.0,B_fixed_0.8,0.0018738533117143791,0.0,0.2,0.5351969777709346,0.6,0.9333333333333333,0.8834426479927567
20.0,B_fixed_1,0.0069564253265714535,0.003515645852061316,0.6,8.255147146819038,0.13333333333333333,0.7333333333333333,0.4385254387714831
20.0,B_global_cal,0.0018738533117143791,0.0,0.2,0.5351969777709346,0.6,0.9333333333333333,0.8834426479927567
20.0,B_reference_cal,0.0018738533117143791,0.0,0.2,0.5351969777709346,0.6,0.9333333333333333,0.8834426479927567
20.0,R1_frontier,0.0011630613901041855,0.0,0.13333333333333333,0.2859410435681378,0.6,0.9333333333333333,0.8832403978367401
20.0,R2_near_best_95,0.0011630613901041855,0.0,0.13333333333333333,0.2859410435681378,0.6,0.9333333333333333,0.8832403978367401
20.0,R3_sequential,0.0026256540236343933,0.0,0.06666666666666667,0.20603363906077304,0.5333333333333333,0.9333333333333333,0.8019651437807092
20.0,R4_kink_aware,0.0011630613901041855,0.0,0.13333333333333333,0.2859410435681378,0.6,0.9333333333333333,0.8832403978367401
