cap_pp,model,reference,rule,selected_kappa
5.0,cql,dual,R1_frontier,0.5
5.0,cql,dual,R2_near_best_95,0.5
5.0,cql,dual,R3_sequential,0.5
5.0,cql,dual,R4_kink_aware,0.5
5.0,cql,pid,R1_frontier,0.5
5.0,cql,pid,R2_near_best_95,0.5
5.0,cql,pid,R3_sequential,0.5
5.0,cql,pid,R4_kink_aware,0.5
5.0,cql,traffic_aware,R1_frontier,0.3
5.0,cql,traffic_aware,R2_near_best_95,0.3
5.0,cql,traffic_aware,R3_sequential,0.3
5.0,cql,traffic_aware,R4_kink_aware,0.3
5.0,dt,dual,R1_frontier,0.5
5.0,dt,dual,R2_near_best_95,0.5
5.0,dt,dual,R3_sequential,0.5
5.0,dt,dual,R4_kink_aware,0.5
5.0,dt,pid,R1_frontier,0.0
5.0,dt,pid,R2_near_best_95,0.0
5.0,dt,pid,R3_sequential,0.0
5.0,dt,pid,R4_kink_aware,0.0
5.0,dt,traffic_aware,R1_frontier,0.5
5.0,dt,traffic_aware,R2_near_best_95,0.5
5.0,dt,traffic_aware,R3_sequential,0.5
5.0,dt,traffic_aware,R4_kink_aware,0.5
5.0,gas,dual,R1_frontier,0.8
5.0,gas,dual,R2_near_best_95,0.8
5.0,gas,dual,R3_sequential,0.8
5.0,gas,dual,R4_kink_aware,0.8
5.0,gas,pid,R1_frontier,0.8
5.0,gas,pid,R2_near_best_95,0.8
5.0,gas,pid,R3_sequential,0.8
5.0,gas,pid,R4_kink_aware,0.8
5.0,gas,traffic_aware,R1_frontier,0.5
5.0,gas,traffic_aware,R2_near_best_95,0.5
5.0,gas,traffic_aware,R3_sequential,0.5
5.0,gas,traffic_aware,R4_kink_aware,0.5
5.0,iql,dual,R1_frontier,0.3
5.0,iql,dual,R2_near_best_95,0.3
5.0,iql,dual,R3_sequential,0.3
5.0,iql,dual,R4_kink_aware,0.3
5.0,iql,pid,R1_frontier,0.8
5.0,iql,pid,R2_near_best_95,0.8
5.0,iql,pid,R3_sequential,0.8
5.0,iql,pid,R4_kink_aware,0.8
5.0,iql,traffic_aware,R1_frontier,0.5
5.0,iql,traffic_aware,R2_near_best_95,0.5
5.0,iql,traffic_aware,R3_sequential,0.5
5.0,iql,traffic_aware,R4_kink_aware,0.5
5.0,sembid,dual,R1_frontier,0.5
5.0,sembid,dual,R2_near_best_95,0.5
5.0,sembid,dual,R3_sequential,0.5
5.0,sembid,dual,R4_kink_aware,0.5
5.0,sembid,pid,R1_frontier,0.5
5.0,sembid,pid,R2_near_best_95,0.5
5.0,sembid,pid,R3_sequential,0.5
5.0,sembid,pid,R4_kink_aware,0.5
5.0,sembid,traffic_aware,R1_frontier,0.3
5.0,sembid,traffic_aware,R2_near_best_95,0.3
5.0,sembid,traffic_aware,R3_sequential,0.3
5.0,sembid,traffic_aware,R4_kink_aware,0.3
5.0,cql,traffic_aware,B_global_cal,0.5
5.0,cql,pid,B_global_cal,0.5
5.0,cql,dual,B_global_cal,0.5
5.0,iql,traffic_aware,B_global_cal,0.5
5.0,iql,pid,B_global_cal,0.5
5.0,iql,dual,B_global_cal,0.5
5.0,dt,traffic_aware,B_global_cal,0.5
5.0,dt,pid,B_global_cal,0.5
5.0,dt,dual,B_global_cal,0.5
5.0,gas,traffic_aware,B_global_cal,0.5
5.0,gas,pid,B_global_cal,0.5
5.0,gas,dual,B_global_cal,0.5
5.0,sembid,traffic_aware,B_global_cal,0.5
5.0,sembid,pid,B_global_cal,0.5
5.0,sembid,dual,B_global_cal,0.5
5.0,cql,dual,B_reference_cal,0.5
5.0,iql,dual,B_reference_cal,0.5
5.0,dt,dual,B_reference_cal,0.5
5.0,gas,dual,B_reference_cal,0.5
5.0,sembid,dual,B_reference_cal,0.5
5.0,cql,pid,B_reference_cal,0.5
5.0,iql,pid,B_reference_cal,0.5
5.0,dt,pid,B_reference_cal,0.5
5.0,gas,pid,B_reference_cal,0.5
5.0,sembid,pid,B_reference_cal,0.5
5.0,cql,traffic_aware,B_reference_cal,0.3
5.0,iql,traffic_aware,B_reference_cal,0.3
5.0,dt,traffic_aware,B_reference_cal,0.3
5.0,gas,traffic_aware,B_reference_cal,0.3
5.0,sembid,traffic_aware,B_reference_cal,0.3
5.0,cql,traffic_aware,B_fixed_0,0.0
5.0,cql,pid,B_fixed_0,0.0
5.0,cql,dual,B_fixed_0,0.0
5.0,iql,traffic_aware,B_fixed_0,0.0
5.0,iql,pid,B_fixed_0,0.0
5.0,iql,dual,B_fixed_0,0.0
5.0,dt,traffic_aware,B_fixed_0,0.0
5.0,dt,pid,B_fixed_0,0.0
5.0,dt,dual,B_fixed_0,0.0
5.0,gas,traffic_aware,B_fixed_0,0.0
5.0,gas,pid,B_fixed_0,0.0
5.0,gas,dual,B_fixed_0,0.0
5.0,sembid,traffic_aware,B_fixed_0,0.0
5.0,sembid,pid,B_fixed_0,0.0
5.0,sembid,dual,B_fixed_0,0.0
5.0,cql,traffic_aware,B_fixed_0.3,0.3
5.0,cql,pid,B_fixed_0.3,0.3
5.0,cql,dual,B_fixed_0.3,0.3
5.0,iql,traffic_aware,B_fixed_0.3,0.3
5.0,iql,pid,B_fixed_0.3,0.3
5.0,iql,dual,B_fixed_0.3,0.3
5.0,dt,traffic_aware,B_fixed_0.3,0.3
5.0,dt,pid,B_fixed_0.3,0.3
5.0,dt,dual,B_fixed_0.3,0.3
5.0,gas,traffic_aware,B_fixed_0.3,0.3
5.0,gas,pid,B_fixed_0.3,0.3
5.0,gas,dual,B_fixed_0.3,0.3
5.0,sembid,traffic_aware,B_fixed_0.3,0.3
5.0,sembid,pid,B_fixed_0.3,0.3
5.0,sembid,dual,B_fixed_0.3,0.3
5.0,cql,traffic_aware,B_fixed_0.8,0.8
5.0,cql,pid,B_fixed_0.8,0.8
5.0,cql,dual,B_fixed_0.8,0.8
5.0,iql,traffic_aware,B_fixed_0.8,0.8
5.0,iql,pid,B_fixed_0.8,0.8
5.0,iql,dual,B_fixed_0.8,0.8
5.0,dt,traffic_aware,B_fixed_0.8,0.8
5.0,dt,pid,B_fixed_0.8,0.8
5.0,dt,dual,B_fixed_0.8,0.8
5.0,gas,traffic_aware,B_fixed_0.8,0.8
5.0,gas,pid,B_fixed_0.8,0.8
5.0,gas,dual,B_fixed_0.8,0.8
5.0,sembid,traffic_aware,B_fixed_0.8,0.8
5.0,sembid,pid,B_fixed_0.8,0.8
5.0,sembid,dual,B_fixed_0.8,0.8
5.0,cql,traffic_aware,B_fixed_1,1.0
5.0,cql,pid,B_fixed_1,1.0
5.0,cql,dual,B_fixed_1,1.0
5.0,iql,traffic_aware,B_fixed_1,1.0
5.0,iql,pid,B_fixed_1,1.0
5.0,iql,dual,B_fixed_1,1.0
5.0,dt,traffic_aware,B_fixed_1,1.0
5.0,dt,pid,B_fixed_1,1.0
5.0,dt,dual,B_fixed_1,1.0
5.0,gas,traffic_aware,B_fixed_1,1.0
5.0,gas,pid,B_fixed_1,1.0
5.0,gas,dual,B_fixed_1,1.0
5.0,sembid,traffic_aware,B_fixed_1,1.0
5.0,sembid,pid,B_fixed_1,1.0
5.0,sembid,dual,B_fixed_1,1.0
10.0,cql,dual,R1_frontier,0.8
10.0,cql,dual,R2_near_best_95,0.8
10.0,cql,dual,R3_sequential,0.8
10.0,cql,dual,R4_kink_aware,0.8
10.0,cql,pid,R1_frontier,0.8
10.0,cql,pid,R2_near_best_95,0.8
10.0,cql,pid,R3_sequential,0.8
10.0,cql,pid,R4_kink_aware,0.8
10.0,cql,traffic_aware,R1_frontier,0.5
10.0,cql,traffic_aware,R2_near_best_95,0.5
10.0,cql,traffic_aware,R3_sequential,0.5
10.0,cql,traffic_aware,R4_kink_aware,0.5
10.0,dt,dual,R1_frontier,0.5
10.0,dt,dual,R2_near_best_95,0.5
10.0,dt,dual,R3_sequential,0.5
10.0,dt,dual,R4_kink_aware,0.5
10.0,dt,pid,R1_frontier,0.5
10.0,dt,pid,R2_near_best_95,0.5
10.0,dt,pid,R3_sequential,0.0
10.0,dt,pid,R4_kink_aware,0.5
10.0,dt,traffic_aware,R1_frontier,0.5
10.0,dt,traffic_aware,R2_near_best_95,0.5
10.0,dt,traffic_aware,R3_sequential,0.5
10.0,dt,traffic_aware,R4_kink_aware,0.5
10.0,gas,dual,R1_frontier,0.8
10.0,gas,dual,R2_near_best_95,0.8
10.0,gas,dual,R3_sequential,0.8
10.0,gas,dual,R4_kink_aware,0.8
10.0,gas,pid,R1_frontier,0.8
10.0,gas,pid,R2_near_best_95,0.8
10.0,gas,pid,R3_sequential,0.8
10.0,gas,pid,R4_kink_aware,0.8
10.0,gas,traffic_aware,R1_frontier,0.8
10.0,gas,traffic_aware,R2_near_best_95,0.8
10.0,gas,traffic_aware,R3_sequential,0.8
10.0,gas,traffic_aware,R4_kink_aware,0.8
10.0,iql,dual,R1_frontier,0.8
10.0,iql,dual,R2_near_best_95,0.8
10.0,iql,dual,R3_sequential,0.3
10.0,iql,dual,R4_kink_aware,0.8
10.0,iql,pid,R1_frontier,0.8
10.0,iql,pid,R2_near_best_95,0.8
10.0,iql,pid,R3_sequential,0.8
10.0,iql,pid,R4_kink_aware,0.8
10.0,iql,traffic_aware,R1_frontier,0.8
10.0,iql,traffic_aware,R2_near_best_95,0.8
10.0,iql,traffic_aware,R3_sequential,0.8
10.0,iql,traffic_aware,R4_kink_aware,0.8
10.0,sembid,dual,R1_frontier,0.8
10.0,sembid,dual,R2_near_best_95,0.8
10.0,sembid,dual,R3_sequential,0.8
10.0,sembid,dual,R4_kink_aware,0.8
10.0,sembid,pid,R1_frontier,0.5
10.0,sembid,pid,R2_near_best_95,0.5
10.0,sembid,pid,R3_sequential,0.5
10.0,sembid,pid,R4_kink_aware,0.5
10.0,sembid,traffic_aware,R1_frontier,0.5
10.0,sembid,traffic_aware,R2_near_best_95,0.5
10.0,sembid,traffic_aware,R3_sequential,0.5
10.0,sembid,traffic_aware,R4_kink_aware,0.5
10.0,cql,traffic_aware,B_global_cal,0.8
10.0,cql,pid,B_global_cal,0.8
10.0,cql,dual,B_global_cal,0.8
10.0,iql,traffic_aware,B_global_cal,0.8
10.0,iql,pid,B_global_cal,0.8
10.0,iql,dual,B_global_cal,0.8
10.0,dt,traffic_aware,B_global_cal,0.8
10.0,dt,pid,B_global_cal,0.8
10.0,dt,dual,B_global_cal,0.8
10.0,gas,traffic_aware,B_global_cal,0.8
10.0,gas,pid,B_global_cal,0.8
10.0,gas,dual,B_global_cal,0.8
10.0,sembid,traffic_aware,B_global_cal,0.8
10.0,sembid,pid,B_global_cal,0.8
10.0,sembid,dual,B_global_cal,0.8
10.0,cql,dual,B_reference_cal,0.8
10.0,iql,dual,B_reference_cal,0.8
10.0,dt,dual,B_reference_cal,0.8
10.0,gas,dual,B_reference_cal,0.8
10.0,sembid,dual,B_reference_cal,0.8
10.0,cql,pid,B_reference_cal,0.8
10.0,iql,pid,B_reference_cal,0.8
10.0,dt,pid,B_reference_cal,0.8
10.0,gas,pid,B_reference_cal,0.8
10.0,sembid,pid,B_reference_cal,0.8
10.0,cql,traffic_aware,B_reference_cal,0.5
10.0,iql,traffic_aware,B_reference_cal,0.5
10.0,dt,traffic_aware,B_reference_cal,0.5
10.0,gas,traffic_aware,B_reference_cal,0.5
10.0,sembid,traffic_aware,B_reference_cal,0.5
10.0,cql,traffic_aware,B_fixed_0,0.0
10.0,cql,pid,B_fixed_0,0.0
10.0,cql,dual,B_fixed_0,0.0
10.0,iql,traffic_aware,B_fixed_0,0.0
10.0,iql,pid,B_fixed_0,0.0
10.0,iql,dual,B_fixed_0,0.0
10.0,dt,traffic_aware,B_fixed_0,0.0
10.0,dt,pid,B_fixed_0,0.0
10.0,dt,dual,B_fixed_0,0.0
10.0,gas,traffic_aware,B_fixed_0,0.0
10.0,gas,pid,B_fixed_0,0.0
10.0,gas,dual,B_fixed_0,0.0
10.0,sembid,traffic_aware,B_fixed_0,0.0
10.0,sembid,pid,B_fixed_0,0.0
10.0,sembid,dual,B_fixed_0,0.0
10.0,cql,traffic_aware,B_fixed_0.3,0.3
10.0,cql,pid,B_fixed_0.3,0.3
10.0,cql,dual,B_fixed_0.3,0.3
10.0,iql,traffic_aware,B_fixed_0.3,0.3
10.0,iql,pid,B_fixed_0.3,0.3
10.0,iql,dual,B_fixed_0.3,0.3
10.0,dt,traffic_aware,B_fixed_0.3,0.3
10.0,dt,pid,B_fixed_0.3,0.3
10.0,dt,dual,B_fixed_0.3,0.3
10.0,gas,traffic_aware,B_fixed_0.3,0.3
10.0,gas,pid,B_fixed_0.3,0.3
10.0,gas,dual,B_fixed_0.3,0.3
10.0,sembid,traffic_aware,B_fixed_0.3,0.3
10.0,sembid,pid,B_fixed_0.3,0.3
10.0,sembid,dual,B_fixed_0.3,0.3
10.0,cql,traffic_aware,B_fixed_0.8,0.8
10.0,cql,pid,B_fixed_0.8,0.8
10.0,cql,dual,B_fixed_0.8,0.8
10.0,iql,traffic_aware,B_fixed_0.8,0.8
10.0,iql,pid,B_fixed_0.8,0.8
10.0,iql,dual,B_fixed_0.8,0.8
10.0,dt,traffic_aware,B_fixed_0.8,0.8
10.0,dt,pid,B_fixed_0.8,0.8
10.0,dt,dual,B_fixed_0.8,0.8
10.0,gas,traffic_aware,B_fixed_0.8,0.8
10.0,gas,pid,B_fixed_0.8,0.8
10.0,gas,dual,B_fixed_0.8,0.8
10.0,sembid,traffic_aware,B_fixed_0.8,0.8
10.0,sembid,pid,B_fixed_0.8,0.8
10.0,sembid,dual,B_fixed_0.8,0.8
10.0,cql,traffic_aware,B_fixed_1,1.0
10.0,cql,pid,B_fixed_1,1.0
10.0,cql,dual,B_fixed_1,1.0
10.0,iql,traffic_aware,B_fixed_1,1.0
10.0,iql,pid,B_fixed_1,1.0
10.0,iql,dual,B_fixed_1,1.0
10.0,dt,traffic_aware,B_fixed_1,1.0
10.0,dt,pid,B_fixed_1,1.0
10.0,dt,dual,B_fixed_1,1.0
10.0,gas,traffic_aware,B_fixed_1,1.0
10.0,gas,pid,B_fixed_1,1.0
10.0,gas,dual,B_fixed_1,1.0
10.0,sembid,traffic_aware,B_fixed_1,1.0
10.0,sembid,pid,B_fixed_1,1.0
10.0,sembid,dual,B_fixed_1,1.0
20.0,cql,dual,R1_frontier,1.0
20.0,cql,dual,R2_near_best_95,1.0
20.0,cql,dual,R3_sequential,1.0
20.0,cql,dual,R4_kink_aware,1.0
20.0,cql,pid,R1_frontier,1.0
20.0,cql,pid,R2_near_best_95,1.0
20.0,cql,pid,R3_sequential,1.0
20.0,cql,pid,R4_kink_aware,1.0
20.0,cql,traffic_aware,R1_frontier,0.8
20.0,cql,traffic_aware,R2_near_best_95,0.8
20.0,cql,traffic_aware,R3_sequential,0.8
20.0,cql,traffic_aware,R4_kink_aware,0.8
20.0,dt,dual,R1_frontier,0.5
20.0,dt,dual,R2_near_best_95,0.5
20.0,dt,dual,R3_sequential,0.5
20.0,dt,dual,R4_kink_aware,0.5
20.0,dt,pid,R1_frontier,0.8
20.0,dt,pid,R2_near_best_95,0.8
20.0,dt,pid,R3_sequential,0.0
20.0,dt,pid,R4_kink_aware,0.8
20.0,dt,traffic_aware,R1_frontier,0.5
20.0,dt,traffic_aware,R2_near_best_95,0.5
20.0,dt,traffic_aware,R3_sequential,0.5
20.0,dt,traffic_aware,R4_kink_aware,0.5
20.0,gas,dual,R1_frontier,1.0
20.0,gas,dual,R2_near_best_95,1.0
20.0,gas,dual,R3_sequential,1.0
20.0,gas,dual,R4_kink_aware,1.0
20.0,gas,pid,R1_frontier,0.8
20.0,gas,pid,R2_near_best_95,0.8
20.0,gas,pid,R3_sequential,0.8
20.0,gas,pid,R4_kink_aware,0.8
20.0,gas,traffic_aware,R1_frontier,0.8
20.0,gas,traffic_aware,R2_near_best_95,0.8
20.0,gas,traffic_aware,R3_sequential,0.8
20.0,gas,traffic_aware,R4_kink_aware,0.8
20.0,iql,dual,R1_frontier,0.8
20.0,iql,dual,R2_near_best_95,0.8
20.0,iql,dual,R3_sequential,0.3
20.0,iql,dual,R4_kink_aware,0.8
20.0,iql,pid,R1_frontier,0.8
20.0,iql,pid,R2_near_best_95,0.8
20.0,iql,pid,R3_sequential,0.8
20.0,iql,pid,R4_kink_aware,0.8
20.0,iql,traffic_aware,R1_frontier,0.8
20.0,iql,traffic_aware,R2_near_best_95,0.8
20.0,iql,traffic_aware,R3_sequential,0.8
20.0,iql,traffic_aware,R4_kink_aware,0.8
20.0,sembid,dual,R1_frontier,0.8
20.0,sembid,dual,R2_near_best_95,0.8
20.0,sembid,dual,R3_sequential,0.8
20.0,sembid,dual,R4_kink_aware,0.8
20.0,sembid,pid,R1_frontier,0.8
20.0,sembid,pid,R2_near_best_95,0.8
20.0,sembid,pid,R3_sequential,0.8
20.0,sembid,pid,R4_kink_aware,0.8
20.0,sembid,traffic_aware,R1_frontier,0.5
20.0,sembid,traffic_aware,R2_near_best_95,0.5
20.0,sembid,traffic_aware,R3_sequential,0.5
20.0,sembid,traffic_aware,R4_kink_aware,0.5
20.0,cql,traffic_aware,B_global_cal,0.8
20.0,cql,pid,B_global_cal,0.8
20.0,cql,dual,B_global_cal,0.8
20.0,iql,traffic_aware,B_global_cal,0.8
20.0,iql,pid,B_global_cal,0.8
20.0,iql,dual,B_global_cal,0.8
20.0,dt,traffic_aware,B_global_cal,0.8
20.0,dt,pid,B_global_cal,0.8
20.0,dt,dual,B_global_cal,0.8
20.0,gas,traffic_aware,B_global_cal,0.8
20.0,gas,pid,B_global_cal,0.8
20.0,gas,dual,B_global_cal,0.8
20.0,sembid,traffic_aware,B_global_cal,0.8
20.0,sembid,pid,B_global_cal,0.8
20.0,sembid,dual,B_global_cal,0.8
20.0,cql,dual,B_reference_cal,0.8
20.0,iql,dual,B_reference_cal,0.8
20.0,dt,dual,B_reference_cal,0.8
20.0,gas,dual,B_reference_cal,0.8
20.0,sembid,dual,B_reference_cal,0.8
20.0,cql,pid,B_reference_cal,0.8
20.0,iql,pid,B_reference_cal,0.8
20.0,dt,pid,B_reference_cal,0.8
20.0,gas,pid,B_reference_cal,0.8
20.0,sembid,pid,B_reference_cal,0.8
20.0,cql,traffic_aware,B_reference_cal,0.8
20.0,iql,traffic_aware,B_reference_cal,0.8
20.0,dt,traffic_aware,B_reference_cal,0.8
20.0,gas,traffic_aware,B_reference_cal,0.8
20.0,sembid,traffic_aware,B_reference_cal,0.8
20.0,cql,traffic_aware,B_fixed_0,0.0
20.0,cql,pid,B_fixed_0,0.0
20.0,cql,dual,B_fixed_0,0.0
20.0,iql,traffic_aware,B_fixed_0,0.0
20.0,iql,pid,B_fixed_0,0.0
20.0,iql,dual,B_fixed_0,0.0
20.0,dt,traffic_aware,B_fixed_0,0.0
20.0,dt,pid,B_fixed_0,0.0
20.0,dt,dual,B_fixed_0,0.0
20.0,gas,traffic_aware,B_fixed_0,0.0
20.0,gas,pid,B_fixed_0,0.0
20.0,gas,dual,B_fixed_0,0.0
20.0,sembid,traffic_aware,B_fixed_0,0.0
20.0,sembid,pid,B_fixed_0,0.0
20.0,sembid,dual,B_fixed_0,0.0
20.0,cql,traffic_aware,B_fixed_0.3,0.3
20.0,cql,pid,B_fixed_0.3,0.3
20.0,cql,dual,B_fixed_0.3,0.3
20.0,iql,traffic_aware,B_fixed_0.3,0.3
20.0,iql,pid,B_fixed_0.3,0.3
20.0,iql,dual,B_fixed_0.3,0.3
20.0,dt,traffic_aware,B_fixed_0.3,0.3
20.0,dt,pid,B_fixed_0.3,0.3
20.0,dt,dual,B_fixed_0.3,0.3
20.0,gas,traffic_aware,B_fixed_0.3,0.3
20.0,gas,pid,B_fixed_0.3,0.3
20.0,gas,dual,B_fixed_0.3,0.3
20.0,sembid,traffic_aware,B_fixed_0.3,0.3
20.0,sembid,pid,B_fixed_0.3,0.3
20.0,sembid,dual,B_fixed_0.3,0.3
20.0,cql,traffic_aware,B_fixed_0.8,0.8
20.0,cql,pid,B_fixed_0.8,0.8
20.0,cql,dual,B_fixed_0.8,0.8
20.0,iql,traffic_aware,B_fixed_0.8,0.8
20.0,iql,pid,B_fixed_0.8,0.8
20.0,iql,dual,B_fixed_0.8,0.8
20.0,dt,traffic_aware,B_fixed_0.8,0.8
20.0,dt,pid,B_fixed_0.8,0.8
20.0,dt,dual,B_fixed_0.8,0.8
20.0,gas,traffic_aware,B_fixed_0.8,0.8
20.0,gas,pid,B_fixed_0.8,0.8
20.0,gas,dual,B_fixed_0.8,0.8
20.0,sembid,traffic_aware,B_fixed_0.8,0.8
20.0,sembid,pid,B_fixed_0.8,0.8
20.0,sembid,dual,B_fixed_0.8,0.8
20.0,cql,traffic_aware,B_fixed_1,1.0
20.0,cql,pid,B_fixed_1,1.0
20.0,cql,dual,B_fixed_1,1.0
20.0,iql,traffic_aware,B_fixed_1,1.0
20.0,iql,pid,B_fixed_1,1.0
20.0,iql,dual,B_fixed_1,1.0
20.0,dt,traffic_aware,B_fixed_1,1.0
20.0,dt,pid,B_fixed_1,1.0
20.0,dt,dual,B_fixed_1,1.0
20.0,gas,traffic_aware,B_fixed_1,1.0
20.0,gas,pid,B_fixed_1,1.0
20.0,gas,dual,B_fixed_1,1.0
20.0,sembid,traffic_aware,B_fixed_1,1.0
20.0,sembid,pid,B_fixed_1,1.0
20.0,sembid,dual,B_fixed_1,1.0
