bidder,reference,width,width_numeric,relative_value_delta_pct,value_delta,cpa_delta,underdelivery_delta_pp,seeds
cql,dual,0.0,0.0,0.0,0.0,0.0,0.0,4
cql,dual,0.3,0.3,9.365854656917813,1111.555323196138,-1.3084087254010988,1.3975056912827226,4
cql,dual,0.5,0.5,16.035774679640333,1903.1540209178165,-2.128851060781027,3.195647382755005,4
cql,dual,0.8,0.8,20.51747960906686,2435.0493607077055,-2.8318621416809204,5.719548280443821,4
cql,dual,1.0,1.0,49.07219520843459,5823.971239206363,-5.534279248379072,15.861537156119079,4
cql,dual,1.2,1.2,49.801517392004754,5910.528422085643,-5.55142241827773,15.621572682921595,4
cql,dual,Raw,inf,54.882736079302596,6513.5761934470775,-5.622416803133017,13.662975344874303,4
cql,pid,0.0,0.0,0.0,0.0,0.0,0.0,4
cql,pid,0.3,0.3,2.189314317789253,280.26570845098786,-0.2986395292462083,0.12910124942771534,4
cql,pid,0.5,0.5,11.253996115288809,1440.6831945073877,-1.2395228950087223,1.0904769310771225,4
cql,pid,0.8,0.8,37.26596559062734,4770.611676955763,-3.741879267109934,7.975944159272783,4
cql,pid,1.0,1.0,43.434756240790264,5560.311214185573,-4.29991231672153,10.798174139682905,4
cql,pid,1.2,1.2,43.52697311673553,5572.116384129964,-4.29824780872981,10.683263391450192,4
cql,pid,Raw,inf,43.590276888804226,5580.220260110662,-4.279035480235604,10.43646580923621,4
cql,traffic_aware,0.0,0.0,0.0,0.0,0.0,0.0,4
cql,traffic_aware,0.3,0.3,29.478015571775874,3242.7142933323257,-3.416749432414656,2.99126052139591,4
cql,traffic_aware,0.5,0.5,53.283406536725195,5861.414583056097,-5.501702271015732,8.60906583932958,4
cql,traffic_aware,0.8,0.8,68.01772183411894,7482.255417937717,-6.6309686651137625,13.747132266737738,4
cql,traffic_aware,1.0,1.0,66.99222521411639,7369.446160734983,-6.660840151850509,14.657920838136933,4
cql,traffic_aware,1.2,1.2,67.04567264617968,7375.325675130809,-6.656572767402436,14.559296530936447,4
cql,traffic_aware,Raw,inf,67.09993830550405,7381.29514473824,-6.646763501995368,14.411362029927629,4
dt,dual,0.0,0.0,0.0,0.0,0.0,0.0,4
dt,dual,0.3,0.3,7.995173682481934,948.8813077648138,-1.1013144947553402,0.8147508397092424,4
dt,dual,0.5,0.5,10.418358121133508,1236.469657365049,-1.5553150509668772,2.5689578679268754,4
dt,dual,0.8,0.8,7.79563168337616,925.199621238748,-2.3697247940147506,11.965127841175574,4
dt,dual,1.0,1.0,-0.7504401815049087,-89.06211769882702,-4.198153754455507,33.21289917293558,4
dt,dual,1.2,1.2,-0.5538615861757905,-65.7314999795467,-4.1561789222669585,32.73838469606466,4
dt,dual,Raw,inf,17.050371531328647,2023.5673176674368,-4.05120180548129,19.997045434269108,4
dt,pid,0.0,0.0,0.0,0.0,0.0,0.0,4
dt,pid,0.3,0.3,-0.5336409991068419,-68.31488697614759,-0.19921048502683236,2.1065221258039877,4
dt,pid,0.5,0.5,0.20792687612879845,26.615147144267212,-0.9773999149556145,8.243385501197825,4
dt,pid,0.8,0.8,11.320943355043314,1449.2509093128342,-2.792435520078265,15.32819288532353,4
dt,pid,1.0,1.0,-2.194966327736348,-280.99266326930774,-2.9396920096248387,26.29079458749168,4
dt,pid,1.2,1.2,-1.2256007906889357,-156.89923471214843,-2.9239164913532174,25.458414253730727,4
dt,pid,Raw,inf,8.516266455867816,1090.2113843310203,-2.7078204825838763,16.770535898631014,4
dt,traffic_aware,0.0,0.0,0.0,0.0,0.0,0.0,4
dt,traffic_aware,0.3,0.3,25.30328378407512,2783.474519248985,-2.8448361851140174,0.860883507844985,4
dt,traffic_aware,0.5,0.5,42.47713780259054,4672.674186451444,-4.273936829710725,2.2179800957775027,4
dt,traffic_aware,0.8,0.8,38.481063348531336,4233.089297639637,-5.173114003869545,14.089459232347748,4
dt,traffic_aware,1.0,1.0,26.71558150530423,2938.833557983992,-5.1173309718916595,20.80338862359341,4
dt,traffic_aware,1.2,1.2,26.331125546390446,2896.5418593325003,-5.0790505773107455,20.747923087148052,4
dt,traffic_aware,Raw,inf,26.283349329928047,2891.286268958599,-5.075548504343641,20.745432119322434,4
gas,dual,0.0,0.0,0.0,0.0,0.0,0.0,4
gas,dual,0.3,0.3,9.688365371113001,1149.8284252717558,-1.2635965283342756,0.9425950593774975,4
gas,dual,0.5,0.5,10.674727363033321,1266.8939435215411,-1.3676968647963603,1.41498438221535,4
gas,dual,0.8,0.8,19.562008307887382,2321.650068189156,-2.588726294575572,4.70479196114137,4
gas,dual,1.0,1.0,32.09071157752463,3808.605162661147,-4.9644545268802185,19.750498077172086,4
gas,dual,1.2,1.2,32.486738687551,3855.606498233977,-4.963376483456908,19.381294236066857,4
gas,dual,Raw,inf,46.438464413923604,5511.413537232915,-5.009610579311758,11.199856621063612,4
gas,pid,0.0,0.0,0.0,0.0,0.0,0.0,4
gas,pid,0.3,0.3,1.6130192239542362,206.49224048380893,-0.29942253816520203,0.5769223318989651,4
gas,pid,0.5,0.5,9.383964476624556,1201.2919178798857,-1.1096509546240712,1.7082569848147753,4
gas,pid,0.8,0.8,34.86337763262071,4463.048340008552,-3.1340639582480474,2.9148669861645726,4
gas,pid,1.0,1.0,34.068536142993004,4361.304677693419,-3.741239530836891,10.32676803109157,4
gas,pid,1.2,1.2,34.53948539679703,4421.595396434312,-3.719861805174509,9.743631763425093,4
gas,pid,Raw,inf,35.76168319075019,4578.057603896499,-3.6662292564143444,7.9733470854255195,4
gas,traffic_aware,0.0,0.0,0.0,0.0,0.0,0.0,4
gas,traffic_aware,0.3,0.3,28.355733116063746,3119.2596197111093,-3.0918594463556963,0.774307810963855,4
gas,traffic_aware,0.5,0.5,48.44264190243229,5328.911031138812,-4.6667783625714945,2.4058481573269423,4
gas,traffic_aware,0.8,0.8,67.90906389020333,7470.303047310005,-6.0340647099195515,6.452622940866442,4
gas,traffic_aware,1.0,1.0,58.43590341201889,6428.212457861143,-6.044781531465418,12.272025688815292,4
gas,traffic_aware,1.2,1.2,58.568886125749245,6442.840546845254,-6.061519742475774,11.941593383696652,4
gas,traffic_aware,Raw,inf,57.98974091205939,6379.132488524077,-6.033957278174109,11.94824330611694,4
iql,dual,0.0,0.0,0.0,0.0,0.0,0.0,4
iql,dual,0.3,0.3,7.74363512989983,919.0278844160425,-1.1238087559465555,1.049293055110685,4
iql,dual,0.5,0.5,7.3328077211958105,870.2706797197275,-1.1370842409057071,1.3034348373165177,4
iql,dual,0.8,0.8,17.35264133418609,2059.442206484094,-2.578349499357254,6.038174100316965,4
iql,dual,1.0,1.0,33.61115215257793,3989.026165972847,-5.457534443414715,23.62188039214026,4
iql,dual,1.2,1.2,34.149202190664774,4052.8852485425114,-5.4479873629827535,23.172507800807313,4
iql,dual,Raw,inf,43.96941840561649,5218.363175675158,-5.422596018229535,17.411784322541767,4
iql,pid,0.0,0.0,0.0,0.0,0.0,0.0,4
iql,pid,0.3,0.3,1.0871786526613563,139.17535291330069,-0.3046242479901742,1.1224614191931375,4
iql,pid,0.5,0.5,11.877761542843713,1520.5339998057411,-1.2287877443312705,0.1480602941754951,4
iql,pid,0.8,0.8,36.75381265267071,4705.047804332064,-3.301003079085194,3.082938925459515,4
iql,pid,1.0,1.0,33.0768215945551,4234.337045500957,-4.120364195009452,14.80319520698652,4
iql,pid,1.2,1.2,33.50020954551692,4288.537091068396,-4.123392382527389,14.6073983790407,4
iql,pid,Raw,inf,33.47263697524397,4285.007242338743,-4.07921469533212,14.185274786903673,4
iql,traffic_aware,0.0,0.0,0.0,0.0,0.0,0.0,4
iql,traffic_aware,0.3,0.3,25.21736481878759,2774.0235183097225,-2.829189282582795,0.785045115780105,4
iql,traffic_aware,0.5,0.5,42.72523601774024,4699.968613431161,-4.410222956027406,3.473666386845745,4
iql,traffic_aware,0.8,0.8,66.5806283652774,7324.168844862146,-6.011696904508904,6.91904585004832,4
iql,traffic_aware,1.0,1.0,55.494744109425355,6104.673058822946,-6.461302732060942,18.162606476976514,4
iql,traffic_aware,1.2,1.2,55.38946626476355,6093.092130733338,-6.45012655515045,18.162931720809667,4
iql,traffic_aware,Raw,inf,55.32574152379311,6086.082126966321,-6.446942717091885,18.160171007595093,4
sembid,dual,0.0,0.0,0.0,0.0,0.0,0.0,4
sembid,dual,0.3,0.3,9.703877318915302,1151.6732837396403,-1.357811497110149,1.41410807192454,4
sembid,dual,0.5,0.5,10.330628081592552,1226.0562735935923,-1.5343646007772551,2.515706044613425,4
sembid,dual,0.8,0.8,14.205576541643197,1685.9437625932383,-2.495859788677771,7.819065030505384,4
sembid,dual,1.0,1.0,11.254372916565234,1335.6873280756222,-6.327310267098575,43.89683060140052,4
sembid,dual,1.2,1.2,11.507306260948031,1365.7060478300673,-6.321818934451347,43.63514034225199,4
sembid,dual,Raw,inf,24.691062025141417,2930.3768964107553,-6.342223741521201,37.431407503276326,4
sembid,pid,0.0,0.0,0.0,0.0,0.0,0.0,4
sembid,pid,0.3,0.3,1.1686179030555799,149.6017100172371,-0.2579092451296958,1.0080232819904826,4
sembid,pid,0.5,0.5,6.818850167729203,872.9169514223095,-1.2103342306974674,4.565900376222597,4
sembid,pid,0.8,0.8,24.19384694327031,3097.1812138401083,-3.5888401151075726,14.86048624581108,4
sembid,pid,1.0,1.0,14.104768360898072,1805.6277356861942,-5.046503070029637,35.424125578237366,4
sembid,pid,1.2,1.2,13.93773636917912,1784.2426422370736,-5.0472387845338105,35.44993949985531,4
sembid,pid,Raw,inf,15.599871416325295,1997.0209630743389,-4.998842418623787,34.20489796763823,4
sembid,traffic_aware,0.0,0.0,0.0,0.0,0.0,0.0,4
sembid,traffic_aware,0.3,0.3,21.137192043060853,2325.1853941917743,-2.6081010101492716,2.0511721370614797,4
sembid,traffic_aware,0.5,0.5,35.86867741872665,3945.71410071211,-4.450303302927493,8.506548162584508,4
sembid,traffic_aware,0.8,0.8,53.28829660424486,5861.95130010845,-6.729358743839137,22.40699514393909,4
sembid,traffic_aware,1.0,1.0,34.7277677948038,3820.210570342443,-7.366715510789921,38.04369961256287,4
sembid,traffic_aware,1.2,1.2,35.05652356115328,3856.376451251392,-7.383398310660972,38.10344113013723,4
sembid,traffic_aware,Raw,inf,34.5267355710977,3798.0958477019176,-7.366570440383551,38.17979418832965,4
