bidder,reference,value_delta,cpa_delta,underdelivery_delta_pp,seeds,bidder_role,reference_role
constant,dual,1580.9976778357413,-2.5368447357589026,9.163787556240445,4,stress,regular
constant,pid,2410.530793944604,-3.6616754528768167,19.21568973551632,4,stress,regular
constant,response_aware,-9174.450259965099,-1.9935992212819134,45.817179730209055,4,stress,information-overlap
constant,smoothed_controller,-7638.385717860764,-3.3739062607789982,51.229491397949445,4,stress,information-overlap
constant,traffic_aware,-2108.8314047994913,-7.235551894597988,62.044193062319565,4,stress,regular
cql,dual,2435.0493607077055,-2.8318621416809204,5.71954828044382,4,learned,regular
cql,pid,4770.611676955763,-3.741879267109934,7.975944159272783,4,learned,regular
cql,response_aware,1029.754324809478,0.28727885273268483,-7.334035495322046,4,learned,information-overlap
cql,smoothed_controller,5285.105911119755,-4.505876077766121,14.805054281689081,4,learned,information-overlap
cql,traffic_aware,7482.255417937716,-6.6309686651137625,13.747132266737738,4,learned,regular
dt,dual,925.199621238748,-2.3697247940147506,11.965127841175574,4,learned,regular
dt,pid,1449.2509093128342,-2.792435520078265,15.32819288532353,4,learned,regular
dt,response_aware,-8546.624320295825,2.0714074813195085,27.148322444819136,4,learned,information-overlap
dt,smoothed_controller,1717.0304951574763,-4.061926859312846,23.519688607658438,4,learned,information-overlap
dt,traffic_aware,4233.089297639637,-5.173114003869545,14.08945923234775,4,learned,regular
gas,dual,2321.650068189156,-2.588726294575572,4.70479196114137,4,learned,regular
gas,pid,4463.048340008552,-3.1340639582480474,2.9148669861645726,4,learned,regular
gas,response_aware,-2424.4389720415666,0.5464928930965924,5.638442591645104,4,learned,information-overlap
gas,smoothed_controller,5593.643513616762,-5.148612275327352,13.252543683579804,4,learned,information-overlap
gas,traffic_aware,7470.303047310005,-6.0340647099195515,6.452622940866442,4,learned,regular
iql,dual,2059.442206484094,-2.578349499357254,6.038174100316965,4,learned,regular
iql,pid,4705.047804332064,-3.3010030790851936,3.0829389254595156,4,learned,regular
iql,response_aware,-8862.233941311559,0.22040418777144666,36.199775572805535,4,learned,information-overlap
iql,smoothed_controller,4665.616835816559,-4.989865890524793,19.13642778435689,4,learned,information-overlap
iql,traffic_aware,7324.168844862146,-6.011696904508904,6.919045850048319,4,learned,regular
pid,dual,911.6969181226691,-1.2654413306515648,2.2262010647920527,4,stress,regular
pid,pid,334.1562097996448,-0.2685290585322644,-0.775720577057485,4,stress,regular
pid,response_aware,1258.6889268679538,2.4232370567036146,-31.166141718423386,4,stress,information-overlap
pid,smoothed_controller,1696.111402265526,-1.9338361401853388,1.1767466117168626,4,stress,information-overlap
pid,traffic_aware,1853.110328533522,-2.338913985330636,3.2111812333362026,4,stress,regular
sembid,dual,1685.9437625932383,-2.495859788677771,7.819065030505384,4,learned,regular
sembid,pid,3097.1812138401083,-3.5888401151075726,14.86048624581108,4,learned,regular
sembid,response_aware,-6791.944681644808,-0.21284500627169844,29.54172741891441,4,learned,information-overlap
sembid,smoothed_controller,2396.419486101786,-5.977296537265446,39.14741565845191,4,learned,information-overlap
sembid,traffic_aware,5861.95130010845,-6.729358743839137,22.40699514393909,4,learned,regular
