cap_pp,rule,mean_normalized_regret,median_normalized_regret,violation_rate,mean_violation_severity_pp,exact_oracle_rate,within_one_step_rate,mean_value_capture,decision,panel,baseline,mean_improvement,ci_low,ci_high,regret_reduction,pairs_not_worse,references_not_worse,loo_bidder_positive,loo_reference_positive,regret_gate,breadth_gate,delivery_gate,guardrail_gate,proximity_gate,all_gates
5.0,B_fixed_0,0.0239640704580781,0.0236691965708017,0.0,0.0,0.0,0.2666666666666666,0.0,STOP,performance,,,,,,,,,,,,,,,
5.0,B_fixed_0.3,0.0159262287904136,0.0161461036990823,0.0,0.0,0.2666666666666666,0.8666666666666667,0.3244542747941969,STOP,performance,,,,,,,,,,,,,,,
5.0,B_fixed_0.8,0.0018738533117143,0.0,0.8666666666666667,6.9354095352673255,0.1333333333333333,0.7333333333333333,0.8834426479927567,STOP,performance,,,,,,,,,,,,,,,
5.0,B_fixed_1,0.0069564253265714,0.0035156458520613,1.0,20.68413573070691,0.0,0.1333333333333333,0.4385254387714831,STOP,performance,,,,,,,,,,,,,,,
5.0,B_global_cal,0.0093834332405903,0.0086654591292885,0.2666666666666666,0.968031312646326,0.6,1.0,0.5825565487024882,STOP,performance,,,,,,,,,,,,,,,
5.0,B_reference_cal,0.012891866592048,0.0116903651058755,0.0666666666666666,0.116501681115946,0.6666666666666666,1.0,0.4797253929984599,STOP,performance,,,,,,,,,,,,,,,
5.0,R1_frontier,0.0089891205521594,0.0074606456435082,0.1333333333333333,0.3337794311677421,0.7333333333333333,1.0,0.5739400027396903,STOP,performance,,,,,,,,,,,,,,,
5.0,R2_near_best_95,0.0089891205521594,0.0074606456435082,0.1333333333333333,0.3337794311677421,0.7333333333333333,1.0,0.5739400027396903,STOP,performance,,,,,,,,,,,,,,,
5.0,R3_sequential,0.0089891205521594,0.0074606456435082,0.1333333333333333,0.3337794311677421,0.7333333333333333,1.0,0.5739400027396903,STOP,performance,,,,,,,,,,,,,,,
5.0,R4_kink_aware,0.0089891205521594,0.0074606456435082,0.1333333333333333,0.3337794311677421,0.7333333333333333,1.0,0.5739400027396903,STOP,performance,,,,,,,,,,,,,,,
10.0,B_fixed_0,0.0239640704580781,0.0236691965708017,0.0,0.0,0.0,0.2,0.0,STOP,performance,,,,,,,,,,,,,,,
10.0,B_fixed_0.3,0.0159262287904136,0.0161461036990823,0.0,0.0,0.2,0.4,0.3244542747941969,STOP,performance,,,,,,,,,,,,,,,
10.0,B_fixed_0.8,0.0018738533117143,0.0,0.4,3.716837775678415,0.5333333333333333,0.8,0.8834426479927567,STOP,performance,,,,,,,,,,,,,,,
10.0,B_fixed_1,0.0069564253265714,0.0035156458520613,0.9333333333333332,15.789313458340896,0.0666666666666666,0.6,0.4385254387714831,STOP,performance,,,,,,,,,,,,,,,
10.0,B_global_cal,0.0018738533117143,0.0,0.4,3.716837775678415,0.5333333333333333,0.8,0.8834426479927567,STOP,performance,,,,,,,,,,,,,,,
10.0,B_reference_cal,0.0023140245949949,0.0005472652239516,0.3333333333333333,1.3686362734666,0.4666666666666667,0.9333333333333332,0.8826252883332052,STOP,performance,,,,,,,,,,,,,,,
10.0,R1_frontier,0.0017709524637626,0.0,0.2,0.0672844301330438,0.6,1.0,0.8994646496803573,STOP,performance,,,,,,,,,,,,,,,
10.0,R2_near_best_95,0.0017709524637626,0.0,0.2,0.0672844301330438,0.6,1.0,0.8994646496803573,STOP,performance,,,,,,,,,,,,,,,
10.0,R3_sequential,0.0033880300917516,0.0,0.2,0.0672844301330438,0.5333333333333333,0.9333333333333332,0.7788133773606637,STOP,performance,,,,,,,,,,,,,,,
10.0,R4_kink_aware,0.0017709524637626,0.0,0.2,0.0672844301330438,0.6,1.0,0.8994646496803573,STOP,performance,,,,,,,,,,,,,,,
20.0,B_fixed_0,0.0239640704580781,0.0236691965708017,0.0,0.0,0.0,0.0666666666666666,0.0,STOP,performance,,,,,,,,,,,,,,,
20.0,B_fixed_0.3,0.0159262287904136,0.0161461036990823,0.0,0.0,0.0666666666666666,0.2666666666666666,0.3244542747941969,STOP,performance,,,,,,,,,,,,,,,
20.0,B_fixed_0.8,0.0018738533117143,0.0,0.2,0.5351969777709346,0.6,0.9333333333333332,0.8834426479927567,STOP,performance,,,,,,,,,,,,,,,
20.0,B_fixed_1,0.0069564253265714,0.0035156458520613,0.6,8.255147146819038,0.1333333333333333,0.7333333333333333,0.4385254387714831,STOP,performance,,,,,,,,,,,,,,,
20.0,B_global_cal,0.0018738533117143,0.0,0.2,0.5351969777709346,0.6,0.9333333333333332,0.8834426479927567,STOP,performance,,,,,,,,,,,,,,,
20.0,B_reference_cal,0.0018738533117143,0.0,0.2,0.5351969777709346,0.6,0.9333333333333332,0.8834426479927567,STOP,performance,,,,,,,,,,,,,,,
20.0,R1_frontier,0.0011630613901041,0.0,0.1333333333333333,0.2859410435681378,0.6,0.9333333333333332,0.8832403978367401,STOP,performance,,,,,,,,,,,,,,,
20.0,R2_near_best_95,0.0011630613901041,0.0,0.1333333333333333,0.2859410435681378,0.6,0.9333333333333332,0.8832403978367401,STOP,performance,,,,,,,,,,,,,,,
20.0,R3_sequential,0.0026256540236343,0.0,0.0666666666666666,0.206033639060773,0.5333333333333333,0.9333333333333332,0.8019651437807092,STOP,performance,,,,,,,,,,,,,,,
20.0,R4_kink_aware,0.0011630613901041,0.0,0.1333333333333333,0.2859410435681378,0.6,0.9333333333333332,0.8832403978367401,STOP,performance,,,,,,,,,,,,,,,
10.0,R1_frontier,,,,,,,,,success_gates,B_global_cal,0.0001029008479516,-0.0021025393853704,0.0020613740509607,0.0549140358577724,13.0,2.0,4.0,1.0,False,False,True,True,True,False
10.0,R2_near_best_95,,,,,,,,,success_gates,B_global_cal,0.0001029008479516,-0.0021025393853704,0.0020613740509607,0.0549140358577724,13.0,2.0,4.0,1.0,False,False,True,True,True,False
10.0,R4_kink_aware,,,,,,,,,success_gates,B_global_cal,0.0001029008479516,-0.0021025393853704,0.0020613740509607,0.0549140358577724,13.0,2.0,4.0,1.0,False,False,True,True,True,False
10.0,R3_sequential,,,,,,,,,success_gates,B_global_cal,-0.0015141767800372,-0.0051576692763439,0.0014190627061725,-0.8080551292736733,11.0,1.0,0.0,1.0,False,False,True,True,True,False
