ci_high_delta_aggregate_cpa,ci_high_delta_avg_score,ci_high_delta_budget_usage,ci_high_delta_mean_realized_autonomy,ci_high_delta_projection_rate,ci_high_delta_total_expected_value,ci_high_delta_underdelivery,ci_high_delta_win_rate,ci_low_delta_aggregate_cpa,ci_low_delta_avg_score,ci_low_delta_budget_usage,ci_low_delta_mean_realized_autonomy,ci_low_delta_projection_rate,ci_low_delta_total_expected_value,ci_low_delta_underdelivery,ci_low_delta_win_rate,kappa,mean_delta_aggregate_cpa,mean_delta_avg_score,mean_delta_budget_usage,mean_delta_mean_realized_autonomy,mean_delta_projection_rate,mean_delta_total_expected_value,mean_delta_underdelivery,mean_delta_win_rate,model,positive_seed_share_delta_aggregate_cpa,positive_seed_share_delta_avg_score,positive_seed_share_delta_budget_usage,positive_seed_share_delta_mean_realized_autonomy,positive_seed_share_delta_projection_rate,positive_seed_share_delta_total_expected_value,positive_seed_share_delta_underdelivery,positive_seed_share_delta_win_rate,reference,scenario,seeds
-2.592196635519386,102.35778141734475,-0.0779783719992118,0.9069161118790846,-0.6167171690051166,2468.617942606492,0.0800827988063608,-0.0002137602604924,-2.654588624253675,95.55082649437554,-0.0800827988063607,0.9061265446883388,-0.6185900368231578,2442.1732386401627,0.0779783719992117,-0.0003756013621987,0.8,-2.620224230271997,98.95430395586015,-0.0791808362492584,0.9065213282837116,-0.6176422009347096,2455.3955906233277,0.0791808362492584,-0.0003108586712162,cql,0.0,1.0,0.0,1.0,0.0,1.0,1.0,0.0,dual,clean_h2,4
-3.3582707745937617,169.67944938846236,-0.097631138773671,0.951319747868568,-0.7844133140065906,4262.388941677625,0.0983602687127169,0.0045137791613997,-3.4332508518645373,164.7330252039966,-0.0983602687127168,0.949498777617972,-0.7861503103003572,4251.43558541558,0.097631138773671,0.0044344732713836,0.8,-3.401515916736914,166.82205313736904,-0.0979791338191155,0.95040926274327,-0.7851294693841033,4257.7318738939375,0.0979791338191155,0.0044750793871439,cql,0.0,1.0,0.0,1.0,0.0,1.0,1.0,1.0,pid,clean_h2,4
-5.805187955769354,241.1645182063964,-0.1290708094841588,0.9930122357056688,-0.9518992037024432,6934.682519384872,0.1294854747196847,0.0072920791864676,-5.874907939929917,236.79812151762064,-0.1294854747196848,0.992909051727664,-0.9533111005240592,6928.47638067347,0.1290708094841589,0.0072580254685558,0.8,-5.842622420210724,238.77052688925863,-0.129312602087545,0.9929606437166664,-0.9526135974504432,6931.69218842738,0.129312602087545,0.0072738387275922,cql,0.0,1.0,0.0,1.0,0.0,1.0,1.0,1.0,traffic_aware,clean_h2,4
-2.795757009717849,85.20082762684311,-0.0567550360440313,0.8630423272478582,-0.5762217407886094,2442.659267243232,0.0574708614019514,-0.0021992201459003,-2.859594411048292,80.73772744360812,-0.0574708614019515,0.8619845368056281,-0.5796106236761025,2427.8143546116207,0.0567550360440313,-0.0022628898687137,0.8,-2.8318621416809218,82.96927753522561,-0.0571954828044382,0.8626338282503571,-0.577794905094256,2435.049360707705,0.0571954828044381,-0.0022372740558213,cql,0.0,1.0,0.0,1.0,0.0,1.0,1.0,0.0,dual,clean_h4,4
-3.715242988724727,169.95614083449138,-0.0793102186306498,0.9278350916980754,-0.7678909952606634,4777.478057467532,0.0801400995816628,0.0066328808782821,-3.768515545495141,168.04979079828755,-0.0801400995816628,0.9263985604414376,-0.7699052132701423,4763.900046002054,0.0793102186306499,0.0065404910269026,0.8,-3.741879267109934,168.885494442898,-0.0797594415927278,0.9271180478172965,-0.768957345971564,4770.611676955763,0.0797594415927278,0.0065861598856745,cql,0.0,1.0,0.0,1.0,0.0,1.0,1.0,1.0,pid,clean_h4,4
-6.624788500482033,257.58989223669346,-0.1372280560112236,0.9840265640230852,-0.9290813737483576,7487.482206895891,0.137714589323531,0.0068719965224997,-6.686399093790835,251.26478604183933,-0.137714589323531,0.9839801946345992,-0.9304683962142272,7477.028628979533,0.1372280560112236,0.0068332446624104,0.8,-6.655180331743782,253.65937366802137,-0.1374713226673773,0.9840030525709952,-0.9296431166026208,7482.255417937713,0.1374713226673773,0.0068526205924551,cql,0.0,1.0,0.0,1.0,0.0,1.0,1.0,1.0,traffic_aware,clean_h4,4
-3.7811068187935386,100.65859096641358,-0.016765158871858,0.8823042361554052,-0.5557682782565208,3493.207096882942,0.0175727581227991,0.0028031449676251,-3.933911529039326,97.8574574438836,-0.0175727581227991,0.8739670275874153,-0.5613554289756334,3471.991090853952,0.016765158871858,0.0027172866797606,0.8,-3.846774338171726,99.34526462099298,-0.0171689584973286,0.8787733351823412,-0.5591359143666368,3482.7609886646133,0.0171689584973286,0.0027637159917009,cql,0.0,1.0,0.0,1.0,0.0,1.0,1.0,1.0,dual,clean_h8,4
-4.267678787705298,178.65688178743642,-0.1005520449546322,0.9239228920929792,-0.7100531579757596,5125.624421487192,0.1012922891960804,0.009433171542234,-4.365427786929313,170.0535888300312,-0.1012922891960804,0.9163614423666862,-0.7185452014353866,5106.041873258887,0.1005520449546321,0.0093586367145622,0.8,-4.322014979345696,174.78067548301902,-0.1010047244181934,0.9207772752126308,-0.7149487734081081,5115.602689013182,0.1010047244181934,0.0093932946281421,cql,0.0,1.0,0.0,1.0,0.0,1.0,1.0,1.0,pid,clean_h8,4
-6.425378020329933,250.6002624210537,-0.1336928578959088,0.9619646427330976,-0.84824623330722,7466.411705747061,0.1343470440969457,0.0078948164511896,-6.548926434176583,241.57709248601756,-0.1343470440969457,0.9618144570782284,-0.8492729516443224,7457.197218544476,0.1336928578959088,0.0078374907828909,0.8,-6.473941863329729,244.74367367805,-0.134013917196715,0.961889549905663,-0.8487595924757712,7462.167089283246,0.134013917196715,0.0078671588736259,cql,0.0,1.0,0.0,1.0,0.0,1.0,1.0,1.0,traffic_aware,clean_h8,4
-1.5505255484760756,54.07521093501767,-0.0188233450189849,0.839533060184274,-0.6062164379111509,1636.1480445987686,0.0200617319159694,-0.0002571685940925,-1.7246005808386649,50.02761034993358,-0.0200617319159694,0.8366176240548688,-0.6126329569628539,1519.787827808053,0.0188233450189849,-0.0004675745269106,0.8,-1.6626070674697284,52.42178419839978,-0.0194767369898647,0.8380753421195714,-0.609135109159719,1582.2423784472169,0.0194767369898647,-0.0003731637451931,cql,0.0,1.0,0.0,1.0,0.0,1.0,1.0,0.0,dual,noise0.5_h4,4
-2.8231310970749117,110.59454532818827,-0.0176930646348031,0.8732408832504419,-0.7316717023758139,3472.5355580648634,0.0187203301876067,0.0083227224073422,-2.9020205571292728,105.676872980896,-0.0187203301876067,0.8721722763008216,-0.7349420649103591,3443.75880076557,0.017693064634803,0.0082491251246726,0.8,-2.861339609512452,108.01125036955916,-0.0182815106059,0.8726716003617039,-0.7330565640732484,3453.9850002078347,0.0182815106059,0.0082825121439162,cql,0.0,1.0,0.0,1.0,0.0,1.0,1.0,1.0,pid,noise0.5_h4,4
-4.768328719934759,151.85357939326988,-0.0431003159264898,0.9636643688262752,-0.8732243993689819,5046.392183993998,0.0434949916648405,0.0089414187714343,-4.823776619040298,145.7307305835016,-0.0434949916648405,0.9620870337388648,-0.8747150935751662,5033.820661282147,0.0431003159264898,0.0088970520584988,0.8,-4.795356743463558,148.63252360114635,-0.0432923813061995,0.9627944945877004,-0.8739449443248604,5039.110407967628,0.0432923813061995,0.008919438549717,cql,0.0,1.0,0.0,1.0,0.0,1.0,1.0,1.0,traffic_aware,noise0.5_h4,4
-2.0909326901997787,67.40663653562352,-0.0152278584800117,0.8076202500879812,-0.5778209839479524,2280.478153590795,0.0155110573278721,0.0029137231920465,-2.1726351242301383,60.31044073994655,-0.0155110573278721,0.8056860823140191,-0.579909985913923,2242.904469645944,0.0152278584800118,0.0028014157179544,0.8,-2.129556189474495,63.33535076614629,-0.0153694579039419,0.8068151567282393,-0.5790646107132821,2261.6913116183696,0.0153694579039419,0.002855647487746,cql,0.0,1.0,0.0,1.0,0.0,1.0,1.0,1.0,dual,overestimate0.5_h4,4
-2.4615830923851787,116.2980637679196,0.0075906623691225,0.8775604160463959,-0.7001026694045174,3721.5339212138792,-0.0072665025419174,0.0073827085366764,-2.6035536317238845,109.83048733954745,0.0072665025419174,0.8767562633987607,-0.7017955207487704,3714.964853499885,-0.0075906623691225,0.0073572489812844,0.8,-2.513503593283072,113.30486050413025,0.0074193483058253,0.8771583397225783,-0.700903767738241,3718.6355082066634,-0.0074193483058253,0.0073715830026507,cql,0.0,1.0,1.0,1.0,0.0,1.0,0.0,1.0,pid,overestimate0.5_h4,4
-4.802203052486941,172.60118176032157,-0.0103316224259705,0.9902653287334088,-0.9535482123510292,5818.608643242779,0.0106154373514957,0.0087273564131078,-4.872391297567919,162.7996356194785,-0.0106154373514956,0.9902135459753774,-0.9543360433604337,5808.265312709434,0.0103316224259705,0.0086873336586822,0.8,-4.830921637186975,167.70040868990003,-0.0104567172897233,0.9902355602730394,-0.9539420911543892,5812.111196804783,0.0104567172897233,0.008707345035895,cql,0.0,1.0,0.0,1.0,0.0,1.0,1.0,1.0,traffic_aware,overestimate0.5_h4,4
-0.2412793722569874,12.974490356045209,0.0048355048366239,0.922783792038399,-0.766133457979927,424.4678286768585,-0.0048337543353067,0.0012833741019568,-0.4140543488657622,5.644970096563768,0.0048337543353067,0.922220984591839,-0.7696039404207685,423.96644547069536,-0.0048355048366239,0.0012824678084548,0.8,-0.3276668605613748,9.309730226304488,0.0048346350093491,0.9225961895562124,-0.768447112940488,424.21713707377694,-0.0048346350093491,0.0012830199182894,pid,0.0,1.0,1.0,1.0,0.0,1.0,0.0,1.0,dual,clean_h2,4
0.4228921966509218,-4.628095693282759,0.0059653299763671,0.939539256383892,-0.8492613268883821,-342.6443578698527,-0.0059639974553298,0.0013125630030241,0.2172163915016645,-13.241648367513314,0.0059639974553298,0.939539256383892,-0.8492613268883821,-342.9347155989108,-0.0059653299763671,0.0013112087713543,0.8,0.3173509740277844,-8.617809274220804,0.0059646492897524,0.939539256383892,-0.8492613268883821,-342.75861993554463,-0.0059646492897524,0.0013119067215226,pid,1.0,0.0,1.0,1.0,0.0,0.0,0.0,1.0,pid,clean_h2,4
-1.5732660726636332,39.15616461302975,-0.0315517790546863,0.9590449417608726,-0.8846971020290089,1273.7765060003212,0.0315532933342947,0.0023546755244251,-1.7595975757806253,32.51606056013939,-0.0315532933342947,0.9590449417608726,-0.8846971020290089,1272.3748607040045,0.0315517790546862,0.00235390465409,0.8,-1.6465072199123507,35.491420776719,-0.031552456542026,0.9590449417608726,-0.8846971020290089,1273.0756833521627,0.031552456542026,0.0023543525922577,pid,0.0,1.0,0.0,1.0,0.0,1.0,1.0,1.0,traffic_aware,clean_h2,4
-1.2201495523519412,30.1598962892405,-0.0222609871477462,0.8969828082417027,-0.7260159423349897,911.8989367137756,0.022262656815668,-0.0014934883541076,-1.311153894096957,26.7115973335355,-0.0222626568156681,0.8969828082417027,-0.7260159423349897,911.4948995315608,0.0222609871477461,-0.0014955822046124,0.8,-1.2654413306515653,28.48113784895263,-0.0222620106479205,0.8969828082417027,-0.7260159423349897,911.6969181226682,0.0222620106479204,-0.0014944363162765,pid,0.0,1.0,0.0,1.0,0.0,1.0,1.0,0.0,dual,clean_h4,4
-0.2145392231358664,4.9783984953369895,0.0077580155153869,0.8956805308307765,-0.7459141368130862,334.55583081583336,-0.0077563536647819,0.0025173291651332,-0.3336494293338359,-0.7159373905489588,0.0077563536647819,0.8956805308307765,-0.7459141368130862,333.71879585877286,-0.0077580155153869,0.0025152978176285,0.8,-0.2685290585322648,2.131230552394016,0.0077572057705748,0.8956805308307765,-0.7459141368130862,334.1562097996457,-0.0077572057705748,0.0025163812029644,pid,0.0,0.5,1.0,1.0,0.0,1.0,0.0,1.0,pid,clean_h4,4
-2.332265793435073,52.243457280737445,-0.0321106585079981,0.9465190476410869,-0.8466494078570509,1853.852122753593,0.0321128713562336,0.0024733062186984,-2.4711479391848936,47.14275216178935,-0.0321128713562336,0.9464895908729852,-0.8466788646251524,1852.3897828839672,0.032110658507998,0.0024698268850238,0.8,-2.401706866309983,49.6931047212634,-0.0321118123333621,0.9464994097956856,-0.8466592267797514,1853.110328533519,0.032111812333362,0.0024715665518611,pid,0.0,1.0,0.0,1.0,0.0,1.0,1.0,1.0,traffic_aware,clean_h4,4
-3.3027521829606834,78.13509462127887,-0.0311945857256731,0.8133542936262135,-0.592093132495066,2607.2711540787086,0.0311967952633802,0.0004606262767279,-3.4063662227844405,75.07463882969026,-0.0311967952633802,0.8133542936262135,-0.592093132495066,2605.53634124093,0.031194585725673,0.0004586470150567,0.8,-3.3524337424863004,76.60339536416751,-0.031195740150087,0.8133542936262135,-0.592093132495066,2606.2414290541124,0.031195740150087,0.0004596366458923,pid,0.0,1.0,0.0,1.0,0.0,1.0,1.0,1.0,dual,clean_h8,4
-1.2472008001601989,36.37493259299907,-0.0245595561260313,0.8071256469277353,-0.6013766975267469,1196.3806105152626,0.0245605972197712,0.0030985862321391,-1.397876901926157,29.08059415944038,-0.0245605972197713,0.8071256469277353,-0.6013766975267469,1195.7224438842331,0.0245595561260312,0.0030977528588038,0.8,-1.322538851043178,32.72776337621973,-0.0245599944923188,0.8071256469277353,-0.6013766975267469,1196.140213612861,0.0245599944923188,0.0030982112141382,pid,0.0,1.0,0.0,1.0,0.0,1.0,1.0,1.0,pid,clean_h8,4
-2.1903344618426503,44.81290207473985,-0.0332220384975373,0.8839657793028084,-0.6935354603277458,1866.21430677665,0.0332243330138209,0.0026344910389032,-2.375788938052926,36.19073160682484,-0.0332243330138209,0.8839657793028084,-0.6935354603277458,1864.9285540245792,0.0332220384975372,0.0026309492022283,0.8,-2.283061699947788,40.50181684078234,-0.0332230299114678,0.8839657793028084,-0.6935354603277458,1865.744252346249,0.0332230299114678,0.0026329388810662,pid,0.0,1.0,0.0,1.0,0.0,1.0,1.0,1.0,traffic_aware,clean_h8,4
0.0484964586875023,3.07955219485579,-0.0068647982491444,0.9359341795112996,-0.812393918657027,8.072867217291787,0.0078806857152779,-5.569017312831437e-05,-0.2089309186426922,-4.572345329337935,-0.0078806857152779,0.935442866786995,-0.814474796622837,-80.7943050864369,0.0068647982491444,-0.0002107809508189,0.8,-0.0802172299775949,-0.9938543337195432,-0.0074602177156191,0.9356337688957866,-0.8132928444795269,-33.87265149804125,0.0074602177156191,-0.000147736258007,pid,0.5,0.5,0.0,1.0,0.0,0.5,1.0,0.0,dual,noise0.5_h4,4
0.2153752554245098,-5.09217977693968,0.004835408668478,0.9205995917942142,-0.8230511059685017,-86.77512251596363,-0.004344062909134,0.0032331760257825,0.0233081584187022,-10.751241571619556,0.004344062909134,0.9202813467278892,-0.8237888653793254,-97.25945173211858,-0.004835408668478,0.0032010078150417,0.8,0.1047437004609741,-8.004784535844639,0.0045631575005993,0.9204189968885532,-0.8233969260698925,-93.05238145116118,-0.0045631575005993,0.0032168627427449,pid,1.0,0.0,1.0,1.0,0.0,0.0,0.0,1.0,pid,noise0.5_h4,4
-1.403413392002165,24.980242190195483,-0.0232880394613457,0.959103667843341,-0.9074291369446174,1019.6205424032288,0.023690339750711,0.0031817152223306,-1.587275147848506,19.46605324010041,-0.0236903397507111,0.95896975916488,-0.9086349623392218,1013.8165657088384,0.0232880394613457,0.0031296918918774,0.8,-1.5131983710470904,22.2369716846117,-0.0234701620207167,0.9590462371724512,-0.9080620812637696,1016.7185540560336,0.0234701620207167,0.0031574744754414,pid,0.0,1.0,0.0,1.0,0.0,1.0,1.0,1.0,traffic_aware,noise0.5_h4,4
-0.9822794872564148,22.771193235884297,-0.016421782862272,0.9396386812435832,-0.8347017046218616,859.6057122629736,0.0164226971796928,0.0012475807172077,-1.126313315873494,14.736644935209604,-0.0164226971796927,0.9396386812435832,-0.8347017046218616,858.5942692930821,0.016421782862272,0.0012466848408723,0.8,-1.0542964015649543,18.75391908554695,-0.0164221674914875,0.9396386812435832,-0.8347017046218616,859.1522791363032,0.0164221674914875,0.00124713277904,pid,0.0,1.0,0.0,1.0,0.0,1.0,1.0,1.0,dual,overestimate0.5_h4,4
-0.0825885697869779,2.40711546155562,-0.0051681725383886,0.9287359237949528,-0.8368054592360398,37.153264641331134,0.0051693792564964,0.0016948105175715,-0.1844778240420139,-1.126575977617719,-0.0051693792564963,0.9287359237949528,-0.8368054592360398,36.34283375497717,0.0051681725383886,0.0016934562859017,0.8,-0.1325444418141157,0.7511077411600837,-0.0051686218533082,0.9287359237949528,-0.8368054592360398,36.726491934654405,0.0051686218533082,0.0016940083957363,pid,0.0,0.75,0.0,1.0,0.0,1.0,1.0,1.0,pid,overestimate0.5_h4,4
-2.056064264464946,49.757129453604136,-0.0268343111887309,0.9423093861682774,-0.8667959556736128,1671.031795313978,0.0268356196729678,0.0029473914747907,-2.3146816628200693,39.39170113442437,-0.0268356196729678,0.9423093861682774,-0.8667959556736128,1668.9935461499,0.0268343111887309,0.0029446830114512,0.8,-2.185372963642508,44.57441529401425,-0.0268349469300147,0.9423093861682774,-0.8667959556736128,1670.052667381327,0.0268349469300148,0.002946037243121,pid,0.0,1.0,0.0,1.0,0.0,1.0,1.0,1.0,traffic_aware,overestimate0.5_h4,4
