agent_bootstrap_ci_high_cpa_real,agent_bootstrap_ci_high_expected_value,agent_bootstrap_ci_high_score,agent_bootstrap_ci_high_underdelivery,agent_bootstrap_ci_low_cpa_real,agent_bootstrap_ci_low_expected_value,agent_bootstrap_ci_low_score,agent_bootstrap_ci_low_underdelivery,agent_mean_delta_cpa_real,agent_mean_delta_expected_value,agent_mean_delta_score,agent_mean_delta_underdelivery,agent_positive_share_cpa_real,agent_positive_share_expected_value,agent_positive_share_score,agent_positive_share_underdelivery,kappa,mean_delta_aggregate_cpa,mean_delta_avg_score,mean_delta_budget_usage,mean_delta_total_expected_value,mean_delta_underdelivery,model,reference,regime,sd_delta_aggregate_cpa,sd_delta_avg_score,sd_delta_budget_usage,sd_delta_total_expected_value,sd_delta_underdelivery,seeds,temporal_block
-0.4729756041113999,0.7090774473396219,1.357504744161814,0.2520564149942881,-10.997890045853564,-6.095654737828106,-5.006654679489317,0.1236315100915972,-6.10410857352532,-2.731382824410145,-1.9202231725088208,0.1860261233245717,0.2708333333333333,0.4583333333333333,0.3958333333333333,0.875,0.8,-9.990531578076611,-1.9202231725088212,-0.1784178282465086,-131.10637557168718,0.1784178282465086,cql,dual,sparse_feedback_period_1,2.641589356104357,1.9470719572508184,3.188495986167178e-05,0.2597400014592219,3.188495986168363e-05,4,sparse_block_1
-0.3367570218366733,0.6570887933065104,1.5136507454885464,0.2453083418967754,-10.900256648725763,-6.408491305186198,-4.73031242168856,0.111538331928978,-5.988863146073861,-2.80605014117252,-1.5804442166215764,0.1734881424931044,0.2291666666666666,0.5,0.4583333333333333,0.875,0.8,-9.883779185020067,-1.5804442166215793,-0.179350443411783,-134.69040677628118,0.179350443411783,cql,pid,sparse_feedback_period_1,0.9106873985223132,0.944724926645462,1.7558173363632915e-05,0.0452698260227741,1.7558173363682168e-05,4,sparse_block_1
-21.17201654745476,-11.95157382818972,-9.947107285814168,0.655831648238986,-35.273670817686806,-22.00574358721392,-19.58747804277468,0.5043926316026818,-28.17837254046018,-17.053736939585793,-14.93167474955956,0.5808538637593766,0.0851063829787234,0.125,0.1458333333333333,0.9583333333333334,0.8,-28.604585009058432,-14.93167474955956,-0.5715700722885549,-818.579373100118,0.5715700722885549,dt,dual,sparse_feedback_period_1,2.1755836782171203,1.4688232197542053,7.394771677896057e-05,0.3399341862180424,7.394771677905073e-05,4,sparse_block_1
-20.516037124677126,-12.811658003648102,-10.750667475658547,0.6672609841959265,-34.71601617695073,-23.96829082761269,-21.01416691770396,0.5054924019237155,-27.477094705743397,-18.5035780860925,-16.06064720898591,0.5878837985808888,0.1063829787234042,0.125,0.1458333333333333,0.9375,0.8,-27.07973471873494,-16.060647208985912,-0.5922617176520171,-888.1717481324403,0.5922617176520171,dt,pid,sparse_feedback_period_1,0.7993612525422495,0.9037633762914392,8.941928345379873e-05,0.3135645632893344,8.941928345375123e-05,4,sparse_block_1
-1.738138978196872,-4.096200468060562,-5.067333130398065,0.3385813334085094,-9.360956707313994,-12.11480458933351,-13.196069252763058,0.1586006967482228,-5.527937325148353,-7.986647831884049,-9.000672052143415,0.2488977767780304,0.3541666666666667,0.2916666666666667,0.2083333333333333,0.7916666666666666,0.8,-2.369927669335542,-9.000672052143415,-0.2369221267690979,-383.3590959304344,0.2369221267690979,iql,dual,sparse_feedback_period_1,1.816434006719864,0.5899697347897581,0.0155740031243856,41.50406122246763,0.0155740031243856,4,sparse_block_1
-1.4812437930019768,-4.1322068010673245,-4.793063021912192,0.3280269347019948,-9.597008207318902,-12.658212108462536,-12.906841707494143,0.1402566969207497,-5.580277865748893,-8.239161914156467,-8.725281889984956,0.2328812533389145,0.375,0.3125,0.25,0.7916666666666666,0.8,-2.2628956580787687,-8.725281889984958,-0.2365394578102574,-395.4797718795105,0.2365394578102573,iql,pid,sparse_feedback_period_1,1.3353911373417706,0.84566586041172,0.0167302539940905,44.66227512083835,0.0167302539940905,4,sparse_block_1
31.69593485680056,-1.966230614387468,-7.495857737662195,-0.0569855499212095,22.30772609586556,-6.820635366085639,-13.540000650742524,-0.1702688651505217,26.88805263058251,-4.418836304966853,-10.40151715337265,-0.1119946071962852,0.9583333333333334,0.2291666666666666,0.1458333333333333,0.375,0.8,26.592781625530847,-10.401517153372648,0.1380953952225208,-212.1041426384092,-0.1380953952225209,pid,dual,sparse_feedback_period_1,3.4317759543865285,1.9972071656577812,9.614702489089177e-07,0.0536001185308011,9.614702489078335e-07,4,sparse_block_1
31.62206990521456,-2.1569563012531687,-7.568093938698285,-0.0511821756770183,22.5030725529636,-7.56554099700677,-14.447602614938518,-0.1627843060761833,26.908523195033077,-4.894045846164482,-10.7825344257581,-0.1051808529151839,0.9791666666666666,0.2916666666666667,0.1875,0.3541666666666667,0.8,25.825994384486904,-10.7825344257581,0.1194194996928174,-234.9142006158957,-0.1194194996928174,pid,pid,sparse_feedback_period_1,1.9307852227707083,1.322775095228231,5.004162216942028e-07,0.0719154920275517,5.004162216851118e-07,4,sparse_block_1
-5.647560358471202,1.3890938646654618,3.180985744372524,0.1924554617025429,-14.425572320956858,-3.723897603288621,-2.745708481372567,0.090591532298496,-10.133567356424024,-1.055918721552452,0.3278461602898221,0.1364299022270592,0.1739130434782608,0.5208333333333334,0.5416666666666666,0.9583333333333334,0.8,-10.746129381750954,0.3278461602898161,-0.1371147818013206,-50.68409863451768,0.1371147818013206,cql,dual,sparse_feedback_period_2,0.9117420202823496,0.804657274435995,4.376256506569826e-05,0.1743236529674109,4.376256506569072e-05,4,sparse_block_2
-5.428058177743703,3.1326298634385767,4.236182784737693,0.1701661076497651,-14.149552755535952,-2.568557590841246,-2.043251038194631,0.0636065716001658,-9.86177466496011,0.3811302704263994,1.1982775227378455,0.1113003459422131,0.1521739130434782,0.5625,0.5833333333333334,0.7708333333333334,0.8,-10.43969596750236,1.1982775227378433,-0.1102128956388934,18.294252980467437,0.1102128956388934,cql,pid,sparse_feedback_period_2,1.205315040454694,0.6639785652255543,1.5809965051718836e-05,0.0892874009334804,1.580996505173354e-05,4,sparse_block_2
-19.986680291579365,-13.851816242895303,-11.750052694121486,0.6505385529337436,-31.507939683568598,-23.13175713808984,-20.40407592875609,0.4867125615872615,-25.684490056222536,-18.481212441798828,-16.006187943276768,0.5712180538637924,0.0952380952380952,0.1041666666666666,0.1041666666666666,0.9791666666666666,0.8,-26.53772553785448,-16.00618794327677,-0.5799791983010334,-887.0981972063438,0.5799791983010334,dt,dual,sparse_feedback_period_2,2.044173448452559,0.7255131516721831,0.0002965476099841,0.93932204179784,0.0002965476099841,4,sparse_block_2
-19.299280198199448,-12.245297365972876,-10.331329677043058,0.6292547337056539,-31.2512480774713,-22.37242384008997,-20.1324686063636,0.4532602890176912,-25.194005106876624,-17.42050093795406,-15.297724473450211,0.5431586351763239,0.0952380952380952,0.125,0.125,0.9583333333333334,0.8,-25.38633421142215,-15.29772447345021,-0.5532659291141275,-836.1840450217949,0.5532659291141275,dt,pid,sparse_feedback_period_2,2.058040364409934,0.7611522228870158,0.0001131236508913,0.3372820310355343,0.0001131236508912,4,sparse_block_2
-5.575454234708943,-4.318867364052256,-2.9909186650053936,0.3028790825875553,-14.7196706970454,-12.534235300920464,-10.756888755155448,0.1405782421185797,-10.092911193782928,-8.12250153027068,-6.614526810234215,0.2199465820418432,0.2916666666666667,0.2708333333333333,0.3125,0.875,0.8,-7.573264930936748,-6.614526810234215,-0.2537752662215126,-389.8800734529928,0.2537752662215126,iql,dual,sparse_feedback_period_2,2.055640725974085,1.2544959442141734,0.0060405393600972,14.859929804284135,0.0060405393600972,4,sparse_block_2
-6.155269465442721,-2.167180726154936,-0.9631560254878918,0.2459555502520431,-14.966807794845243,-10.400900447364704,-8.780856405988887,0.0902006349242263,-10.420959623986052,-5.923574190775523,-4.556572801024248,0.1641274655485683,0.25,0.3958333333333333,0.4583333333333333,0.8333333333333334,0.8,-7.44210460014796,-4.556572801024244,-0.2034603644419854,-284.3315611572251,0.2034603644419854,iql,pid,sparse_feedback_period_2,1.5813855011223463,0.8376021366643636,0.0078193726441862,17.44685928299564,0.0078193726441862,4,sparse_block_2
22.616078846549165,1.552423362438748,-2.8322207460608397,-0.0832412714347287,11.665089606577874,-3.6556150039270654,-9.179836466505687,-0.240112205747979,17.077134323776978,-1.0902336386645242,-5.94000775227708,-0.1577215045681199,0.7916666666666666,0.3958333333333333,0.3333333333333333,0.3958333333333333,0.8,17.230044347739067,-5.940007752277085,0.1611901690017826,-52.33121465589676,-0.1611901690017826,pid,dual,sparse_feedback_period_2,2.5995867074754457,1.6231979703321422,5.214268075278783e-07,0.0518274118272414,5.214268075053699e-07,4,sparse_block_2
21.82008843281922,2.507391878180062,-1.854858937466065,-0.0986422391024614,11.14974028462652,-3.1231388859951474,-8.762583563922014,-0.2516131344339111,16.38003131955593,-0.30014499668649,-5.229774456227447,-0.1711918768376777,0.7916666666666666,0.4583333333333333,0.375,0.2291666666666666,0.8,16.930161563790485,-5.229774456227445,0.176345179776633,-14.40695984095072,-0.176345179776633,pid,pid,sparse_feedback_period_2,3.534959069962609,2.2270604210355787,1.4445052257329811e-06,0.0484977514493531,1.444505225727216e-06,4,sparse_block_2
