reference,width,episodes,mean_relative_total_base_expected_value_pct,mean_relative_platform_revenue_pct,mean_delta_aggregate_cpa,mean_delta_underdelivery,mean_relative_mean_clearing_price_all_pct,mean_baseline_total_base_expected_value,mean_treatment_total_base_expected_value,mean_delta_total_base_expected_value,ci95_low_delta_total_base_expected_value,ci95_high_delta_total_base_expected_value,positive_episode_share_total_base_expected_value,mean_baseline_total_realized_conversions,mean_treatment_total_realized_conversions,mean_delta_total_realized_conversions,ci95_low_delta_total_realized_conversions,ci95_high_delta_total_realized_conversions,positive_episode_share_total_realized_conversions,mean_relative_total_realized_conversions_pct,mean_baseline_total_score,mean_treatment_total_score,mean_delta_total_score,ci95_low_delta_total_score,ci95_high_delta_total_score,positive_episode_share_total_score,mean_relative_total_score_pct,mean_baseline_platform_revenue,mean_treatment_platform_revenue,mean_delta_platform_revenue,ci95_low_delta_platform_revenue,ci95_high_delta_platform_revenue,positive_episode_share_platform_revenue,mean_baseline_aggregate_cpa,mean_treatment_aggregate_cpa,ci95_low_delta_aggregate_cpa,ci95_high_delta_aggregate_cpa,positive_episode_share_aggregate_cpa,mean_relative_aggregate_cpa_pct,mean_baseline_budget_usage,mean_treatment_budget_usage,mean_delta_budget_usage,ci95_low_delta_budget_usage,ci95_high_delta_budget_usage,positive_episode_share_budget_usage,mean_relative_budget_usage_pct,mean_baseline_underdelivery,mean_treatment_underdelivery,ci95_low_delta_underdelivery,ci95_high_delta_underdelivery,positive_episode_share_underdelivery,mean_relative_underdelivery_pct,mean_baseline_mean_clearing_price_all,mean_treatment_mean_clearing_price_all,mean_delta_mean_clearing_price_all,ci95_low_delta_mean_clearing_price_all,ci95_high_delta_mean_clearing_price_all,positive_episode_share_mean_clearing_price_all,mean_baseline_mean_clearing_price_positive,mean_treatment_mean_clearing_price_positive,mean_delta_mean_clearing_price_positive,ci95_low_delta_mean_clearing_price_positive,ci95_high_delta_mean_clearing_price_positive,positive_episode_share_mean_clearing_price_positive,mean_relative_mean_clearing_price_positive_pct,mean_baseline_positive_clearing_share,mean_treatment_positive_clearing_share,mean_delta_positive_clearing_share,ci95_low_delta_positive_clearing_share,ci95_high_delta_positive_clearing_share,positive_episode_share_positive_clearing_share,mean_relative_positive_clearing_share_pct,mean_baseline_realized_slot_fill,mean_treatment_realized_slot_fill,mean_delta_realized_slot_fill,ci95_low_delta_realized_slot_fill,ci95_high_delta_realized_slot_fill,positive_episode_share_realized_slot_fill,mean_relative_realized_slot_fill_pct,mean_baseline_adopter_expected_value,mean_treatment_adopter_expected_value,mean_delta_adopter_expected_value,ci95_low_delta_adopter_expected_value,ci95_high_delta_adopter_expected_value,positive_episode_share_adopter_expected_value,mean_relative_adopter_expected_value_pct,mean_baseline_nonadopter_expected_value,mean_treatment_nonadopter_expected_value,mean_delta_nonadopter_expected_value,ci95_low_delta_nonadopter_expected_value,ci95_high_delta_nonadopter_expected_value,positive_episode_share_nonadopter_expected_value,mean_relative_nonadopter_expected_value_pct,panel,rollout_path,alpha
traffic,0,20,0.0,0.0,0.0,0.0,0.0,,,,,,,,,,,,,,,,,,,,,,,,,,,,,,,,,,,,,,,,,,,,,,,,,,,,,,,,,,,,,,,,,,,,,,,,,,,,,,,,,,,,,,,uniform_width,,
pid,0,20,0.0,0.0,0.0,0.0,0.0,,,,,,,,,,,,,,,,,,,,,,,,,,,,,,,,,,,,,,,,,,,,,,,,,,,,,,,,,,,,,,,,,,,,,,,,,,,,,,,,,,,,,,,uniform_width,,
dual,0,20,0.0,0.0,0.0,0.0,0.0,,,,,,,,,,,,,,,,,,,,,,,,,,,,,,,,,,,,,,,,,,,,,,,,,,,,,,,,,,,,,,,,,,,,,,,,,,,,,,,,,,,,,,,uniform_width,,
dual,0.3,20,24.99455494207577,-0.731617892094468,-7.887834086386482,0.0070136020115833,-22.341755715564425,3727.888634706561,4654.769179568714,926.8805448621526,807.3361845418714,1046.424905182434,1.0,3731.7,4654.85,923.15,800.117316056889,1046.182683943111,1.0,24.90307994209812,373.38308489678064,515.3829671691917,141.9998822724111,116.67383599025288,167.32592855456932,1.0,38.38888775159008,143957.46865052072,142905.42834878323,-1052.0403017375108,-2139.83150257162,35.75089909659823,0.3,38.65164125811803,30.76380717173156,-8.760780932415276,-7.014887240357687,0.0,-20.29002354231928,0.9597164576701382,0.9527028556585544,-0.0070136020115834,-0.0142655433504775,0.0002383393273106,0.3,-0.731617892094471,0.0402835423298618,0.0472971443414452,-0.0002383393273106,0.0142655433504774,0.7,21.26492671664571,0.4411639936293669,0.3393277569163958,-0.101836236712971,-0.1249821094119161,-0.0786903640140259,0.0,0.4411639936293669,0.3393277569163958,-0.101836236712971,-0.1249821094119161,-0.0786903640140259,0.0,-22.341755715564425,1.0,1.0,0.0,0.0,0.0,0.0,0.0,0.3910693255639946,0.4757637749903424,0.0846944494263477,0.0699330298057848,0.0994558690469105,1.0,21.960095873960395,0.0,4654.769179568714,4654.769179568714,4529.624350198234,4779.914008939194,1.0,,3727.888634706561,0.0,-3727.888634706561,-3809.755678584564,-3646.0215908285577,0.0,-100.0,uniform_width,,
dual,0.5,20,52.154958743086105,-1.5301552455233294,-13.564370484780914,0.0150108587725028,-39.19224830368972,3727.888634706561,5663.632788635817,1935.7441539292552,1791.2949053209488,2080.1934025375617,1.0,3731.7,5663.1,1931.4,1770.4874607199652,2092.312539280035,1.0,52.06513172346846,373.38308489678064,813.7635237472784,440.38043885049774,380.6594427815883,500.1014349194072,1.0,119.67852513147416,143957.46865052072,141705.83983464527,-2251.6288158754296,-3927.561501340424,-575.6961304104352,0.25,38.65164125811803,25.087270773337128,-14.503686234038229,-12.625054735523602,0.0,-34.98986833831146,0.9597164576701382,0.9447055988976354,-0.0150108587725028,-0.0261837433422694,-0.0038379742027362,0.25,-1.5301552455233298,0.0402835423298618,0.0552944011023647,0.0038379742027362,0.0261837433422694,0.75,69.48277711243665,0.4411639936293669,0.2643092132311978,-0.176854780398169,-0.2027703962321519,-0.1509391645641862,0.0,0.4411639936293669,0.2643092132311978,-0.176854780398169,-0.2027703962321519,-0.1509391645641862,0.0,-39.19224830368972,1.0,1.0,0.0,0.0,0.0,0.0,0.0,0.3910693255639946,0.5690846608619479,0.1780153352979533,0.1593552204521066,0.1966754501438,1.0,46.01619660856447,0.0,5663.632788635817,5663.632788635817,5525.089363684864,5802.176213586769,1.0,,3727.888634706561,0.0,-3727.888634706561,-3809.755678584564,-3646.0215908285577,0.0,-100.0,uniform_width,,
dual,0.8,20,150.41571627204468,-18.500515278740245,-26.01623367182354,0.1778405186067237,-67.24968376656537,3727.888634706561,9317.110599732134,5589.221965025574,5482.085123291707,5696.358806759441,1.0,3731.7,9283.85,5552.15,5444.197163022163,5660.102836977836,1.0,149.33865769440732,373.38308489678064,4113.968641057633,3740.585556160853,3642.584618329723,3838.5864939919834,1.0,1035.9700053493837,143957.46865052072,117281.39085951216,-26676.077791008564,-28222.523785614103,-25129.631796403024,0.0,38.65164125811803,12.635407586294503,-26.749861697010893,-25.282605646636185,0.0,-67.2601098757505,0.9597164576701382,0.7818759390634143,-0.1778405186067237,-0.1881501585707607,-0.1675308786426868,0.0,-18.500515278740245,0.0402835423298618,0.2181240609365856,0.1675308786426868,0.1881501585707606,1.0,566.507874875231,0.4411639936293669,0.1417255748562106,-0.2994384187731562,-0.3288301194070717,-0.2700467181392407,0.0,0.4411639936293669,0.1417255748562106,-0.2994384187731562,-0.3288301194070717,-0.2700467181392407,0.0,-67.24968376656537,1.0,1.0,0.0,0.0,0.0,0.0,0.0,0.3910693255639946,0.8453447587079431,0.4542754331439483,0.4402373283116759,0.4683135379762208,1.0,117.23384240908588,0.0,9317.110599732134,9317.110599732134,9236.257353835255,9397.963845629012,1.0,,3727.888634706561,0.0,-3727.888634706561,-3809.755678584564,-3646.0215908285577,0.0,-100.0,uniform_width,,
dual,1.0,20,239.1823159263808,-35.15950120050206,-31.227056254328797,0.3377168849945478,-78.42468523704044,3727.888634706561,12604.767341452143,8876.878706745583,8581.697645053546,9172.05976843762,1.0,3731.7,12577.8,8846.1,8569.527685739215,9122.672314260786,1.0,238.1841169193028,373.38308489678064,11180.2689426676,10806.885857770818,10507.74958900298,11106.022126538655,1.0,3012.9937714443927,143957.46865052072,93299.93590133855,-50657.532749182166,-52296.13094872018,-49018.93454964415,0.0,38.65164125811803,7.424585003789244,-32.021619562659055,-30.432492945998533,0.0,-80.75148296349319,0.9597164576701382,0.6219995726755904,-0.3377168849945478,-0.3486408729914679,-0.3267928969976276,0.0,-35.15950120050206,0.0402835423298618,0.3780004273244096,0.3267928969976277,0.3486408729914679,1.0,1055.7620606236424,0.4411639936293669,0.093304416714259,-0.3478595769151077,-0.3777925882607376,-0.3179265655694779,0.0,0.4411639936293669,0.093304416714259,-0.3478595769151077,-0.3777925882607376,-0.3179265655694779,0.0,-78.42468523704044,1.0,1.0,0.0,0.0,0.0,0.0,0.0,0.3910693255639946,1.0,0.6089306744360055,0.5947878494727822,0.6230734993992287,1.0,157.1545827339482,0.0,12604.767341452143,12604.767341452143,12365.2629042538,12844.271778650487,1.0,,3727.888634706561,0.0,-3727.888634706561,-3809.755678584564,-3646.0215908285577,0.0,-100.0,uniform_width,,
dual,1.2,20,239.1675981555805,-35.043927617805885,-31.206176010312333,0.3366132085034419,-78.38805747339389,3727.888634706561,12603.806078493351,8875.917443786791,8574.094562858238,9177.740324715343,1.0,3731.7,12565.65,8833.95,8548.387184346517,9119.512815653485,1.0,237.87531512189065,373.38308489678064,11145.175936882506,10771.792851985729,10454.058805228333,11089.52689874312,1.0,3004.9940023940203,143957.46865052072,93465.48737500444,-50491.981275516286,-52156.095041460176,-48827.8675095724,0.0,38.65164125811803,7.445465247805717,-32.00282565350483,-30.40952636711984,0.0,-80.69697157096866,0.9597164576701382,0.623103249166696,-0.3366132085034419,-0.3477073002764012,-0.3255191167304826,0.0,-35.043927617805885,0.0402835423298618,0.3768967508333037,0.3255191167304827,0.3477073002764012,1.0,1052.838552708149,0.4411639936293669,0.0934699762604426,-0.3476940173689242,-0.3776030408992605,-0.317784993838588,0.0,0.4411639936293669,0.0934699762604426,-0.3476940173689242,-0.3776030408992605,-0.317784993838588,0.0,-78.38805747339389,1.0,1.0,0.0,0.0,0.0,0.0,0.0,0.3910693255639946,1.0,0.6089306744360055,0.5947878494727822,0.6230734993992287,1.0,157.1545827339482,0.0,12603.806078493351,12603.806078493351,12357.5965085197,12850.015648467002,1.0,,3727.888634706561,0.0,-3727.888634706561,-3809.755678584564,-3646.0215908285577,0.0,-100.0,uniform_width,,
dual,Raw,20,241.5852706517202,-34.51474596077993,-31.196040231441923,0.3315463642880567,-78.2015768180631,3727.888634706561,12693.957719170983,8966.069084464423,8667.742770565972,9264.395398362874,1.0,3731.7,12649.5,8917.8,8635.49051178206,9200.10948821794,1.0,240.12057490404376,373.38308489678064,11206.552403354672,10833.169318457894,10523.741024811136,11142.597612104651,1.0,3020.9353175363776,143957.46865052072,94225.51400731222,-49731.9546432085,-51445.1724229425,-48018.73686347451,0.0,38.65164125811803,7.455601026676119,-31.98978804250109,-30.40229242038276,0.0,-80.67121797836269,0.9597164576701382,0.6281700933820813,-0.3315463642880568,-0.3429678161529501,-0.3201249124231634,0.0,-34.51474596077994,0.0402835423298618,0.3718299066179185,0.3201249124231634,0.34296781615295,1.0,1038.2639330299855,0.4411639936293669,0.0942822266492725,-0.3468817669800944,-0.376767987624535,-0.3169955463356537,0.0,0.4411639936293669,0.0942822266492725,-0.3468817669800944,-0.376767987624535,-0.3169955463356537,0.0,-78.2015768180631,1.0,1.0,0.0,0.0,0.0,0.0,0.0,0.3910693255639946,0.9993880718513052,0.6083187462873105,0.5939238949916332,0.6227135975829878,1.0,157.00700471630043,0.0,12693.957719170983,12693.957719170983,12451.311227130538,12936.604211211432,1.0,,3727.888634706561,0.0,-3727.888634706561,-3809.755678584564,-3646.0215908285577,0.0,-100.0,uniform_width,,
pid,0.3,20,17.228182249026084,-4.965553098561102,-4.035302825316922,0.048617160683846,-17.21408469947551,6929.238546467049,8116.761591849628,1187.5230453825804,1040.297908201017,1334.748182564144,1.0,6904.45,8102.05,1197.6,1056.2208790385498,1338.97912096145,1.0,17.42698805278952,1438.924659766582,2360.381138436004,921.456478669423,822.550175404402,1020.362781934444,1.0,65.29177297210053,146367.47051814376,139074.89641556685,-7292.574102576911,-8547.08244822214,-6038.065756931684,0.0,21.210940194423895,17.175637369106973,-4.3627589211904665,-3.7078467294433777,0.0,-18.971443876200933,0.975783136787625,0.927165976103779,-0.048617160683846,-0.0569805496548142,-0.0402537717128778,0.0,-4.965553098561098,0.0242168632123748,0.0728340238962209,0.0402537717128778,0.0569805496548142,1.0,282.802410581387,0.2209598621231396,0.1827464112511435,-0.038213450871996,-0.0429532595771646,-0.0334736421668275,0.0,0.2209598621231396,0.1827464112511435,-0.038213450871996,-0.0429532595771646,-0.0334736421668275,0.0,-17.21408469947551,1.0,1.0,0.0,0.0,0.0,0.0,0.0,0.7124809326629296,0.7958658063460179,0.0833848736830883,0.0654094747645028,0.1013602726016738,1.0,11.77270236396848,0.0,8116.761591849628,8116.761591849628,8011.505708242105,8222.017475457149,1.0,,6929.238546467049,0.0,-6929.238546467049,-7015.218135879897,-6843.2589570542,0.0,-100.0,uniform_width,,
pid,0.5,20,29.788138717486326,-11.070384175230222,-6.666277907385846,0.1082185385433864,-28.43674176863094,6929.238546467049,8986.386030041362,2057.147483574313,1902.3886976510448,2211.906269497581,1.0,6904.45,8951.65,2047.2,1889.978422159359,2204.421577840641,1.0,29.75177502780354,1438.924659766582,3444.6274669158497,2005.7028071492684,1887.013273442248,2124.3923408562887,1.0,140.53435377530616,146367.47051814376,130134.68973663582,-16232.780781507972,-17649.62330432137,-14815.938258694576,0.0,21.210940194423895,14.544662287038056,-6.936042284119579,-6.396513530652112,0.0,-31.39025734235991,0.975783136787625,0.8675645982442385,-0.1082185385433864,-0.1176641553621424,-0.0987729217246304,0.0,-11.07038417523022,0.0242168632123748,0.1324354017557613,0.0987729217246304,0.1176641553621424,1.0,599.8494545178015,0.2209598621231396,0.1579424150780291,-0.0630174470451104,-0.0666935739678644,-0.0593413201223564,0.0,0.2209598621231396,0.1579424150780291,-0.0630174470451104,-0.0666935739678644,-0.0593413201223564,0.0,-28.43674176863094,1.0,1.0,0.0,0.0,0.0,0.0,0.0,0.7124809326629296,0.8560759844153291,0.1435950517523996,0.132429742435637,0.1547603610691622,1.0,20.227520205980312,0.0,8986.386030041362,8986.386030041362,8870.454914782887,9102.317145299836,1.0,,6929.238546467049,0.0,-6929.238546467049,-7015.218135879897,-6843.2589570542,0.0,-100.0,uniform_width,,
pid,0.8,20,62.80086177573285,-29.79439739755465,-12.054584989998768,0.2909172619439832,-50.046513980354256,6929.238546467049,11269.491857409726,4340.25331094268,4018.989337869516,4661.517284015843,1.0,6904.45,11242.4,4337.95,4028.1294685269495,4647.77053147305,1.0,62.98015353605515,1438.924659766582,8311.228349021896,6872.303689255316,6491.301915050429,7253.305463460202,1.0,478.5104835757864,146367.47051814376,102729.88122654626,-43637.58929159749,-45081.97151643793,-42193.20706675704,0.0,21.210940194423895,9.156355204425129,-12.315252150052952,-11.793917829944585,0.0,-56.81687412830629,0.975783136787625,0.6848658748436418,-0.2909172619439831,-0.3005464767762528,-0.2812880471117135,0.0,-29.79439739755465,0.0242168632123748,0.3151341251563581,0.2812880471117135,0.3005464767762529,1.0,1544.7156538043607,0.2209598621231396,0.1101266222137385,-0.110833239909401,-0.1158732294836016,-0.1057932503352003,0.0,0.2209598621231396,0.1101266222137385,-0.110833239909401,-0.1158732294836016,-0.1057932503352003,0.0,-50.046513980354256,1.0,1.0,0.0,0.0,0.0,0.0,0.0,0.7124809326629296,0.943766086666558,0.2312851540036285,0.2159159622164627,0.2466543457907943,1.0,32.589154264303346,0.0,11269.491857409726,11269.491857409726,10979.89834414968,11559.085370669773,1.0,,6929.238546467049,0.0,-6929.238546467049,-7015.218135879897,-6843.2589570542,0.0,-100.0,uniform_width,,
pid,1.0,20,83.28879751434712,-36.00196846639428,-13.803381075879878,0.3514697554004182,-57.54760080195028,6929.238546467049,12688.870899742791,5759.632353275744,5486.979201393614,6032.2855051578745,1.0,6904.45,12653.25,5748.8,5491.149691946398,6006.450308053602,1.0,83.43114407736253,1438.924659766582,11263.490085013733,9824.565425247152,9574.041242161942,10075.089608332362,1.0,686.5290354900422,146367.47051814376,93647.00720808104,-52720.46331006273,-54078.74920158468,-51362.17741854079,0.0,21.210940194423895,7.407559118544024,-14.04821584183776,-13.558546309921995,0.0,-65.059607259235,0.975783136787625,0.6243133813872068,-0.3514697554004182,-0.3605249946772311,-0.3424145161236052,0.0,-36.00196846639428,0.0242168632123748,0.375686618612793,0.3424145161236052,0.3605249946772312,1.0,1854.8783916795728,0.2209598621231396,0.093659595339648,-0.1273002667834915,-0.1314948609254679,-0.1231056726415151,0.0,0.2209598621231396,0.093659595339648,-0.1273002667834915,-0.1314948609254679,-0.1231056726415151,0.0,-57.54760080195028,1.0,1.0,0.0,0.0,0.0,0.0,0.0,0.7124809326629296,0.9999056956620006,0.287424762999071,0.2779999629204214,0.2968495630777206,1.0,40.44663009301221,0.0,12688.870899742791,12688.870899742791,12450.04489865288,12927.696900832703,1.0,,6929.238546467049,0.0,-6929.238546467049,-7015.218135879897,-6843.2589570542,0.0,-100.0,uniform_width,,
pid,1.2,20,83.23190780396514,-35.89630109854257,-13.785503057638111,0.350441400816251,-57.47790389848292,6929.238546467049,12684.950734341102,5755.712187874056,5484.587225532423,6026.83715021569,1.0,6904.45,12643.2,5738.75,5483.486097335556,5994.013902664444,1.0,83.28356246746336,1438.924659766582,11233.990064197413,9795.06540443083,9550.767632896284,10039.363175965376,1.0,684.4818972812631,146367.47051814376,93801.26039570612,-52566.210122437646,-53941.5076476512,-51190.91259722409,0.0,21.210940194423895,7.425437136785786,-14.02859592301346,-13.542410192262766,0.0,-64.9755194190855,0.975783136787625,0.6253417359713741,-0.3504414008162509,-0.3596100509843414,-0.3412727506481605,0.0,-35.89630109854257,0.0242168632123748,0.3746582640286259,0.3412727506481606,0.3596100509843414,1.0,1850.0925041546127,0.2209598621231396,0.0938144485313751,-0.1271454135917644,-0.1313285151985689,-0.1229623119849599,0.0,0.2209598621231396,0.0938144485313751,-0.1271454135917644,-0.1313285151985689,-0.1229623119849599,0.0,-57.47790389848292,1.0,1.0,0.0,0.0,0.0,0.0,0.0,0.7124809326629296,0.9998987453422858,0.2874178126793562,0.2779799457113043,0.2968556796474081,1.0,40.44575763019306,0.0,12684.950734341102,12684.950734341102,12447.751398254986,12922.150070427218,1.0,,6929.238546467049,0.0,-6929.238546467049,-7015.218135879897,-6843.2589570542,0.0,-100.0,uniform_width,,
pid,Raw,20,83.36250877830682,-35.60608581066002,-13.75533916774778,0.3476130434055436,-57.265928905756326,6929.238546467049,12693.957719170983,5764.719172703937,5488.638108502569,6040.800236905306,1.0,6904.45,12649.5,5745.05,5485.331077769721,6004.76892223028,1.0,83.37433757239883,1438.924659766582,11206.552403354672,9767.627743588091,9514.94221687505,10020.313270301132,1.0,682.4938620261586,146367.47051814376,94225.51400731222,-52141.95651083156,-53537.83673290221,-50746.07628876091,0.0,21.210940194423895,7.455601026676119,-13.998433874576545,-13.51224446091902,0.0,-64.83342514065534,0.975783136787625,0.6281700933820813,-0.3476130434055436,-0.3569189115526812,-0.338307175258406,0.0,-35.60608581066002,0.0242168632123748,0.3718299066179185,0.338307175258406,0.3569189115526813,1.0,1836.2036271942536,0.2209598621231396,0.0942822266492725,-0.126677635473867,-0.130857459666107,-0.1224978112816271,0.0,0.2209598621231396,0.0942822266492725,-0.126677635473867,-0.130857459666107,-0.1224978112816271,0.0,-57.265928905756326,1.0,1.0,0.0,0.0,0.0,0.0,0.0,0.7124809326629296,0.9993880718513052,0.2869071391883757,0.2774572628189456,0.2963570155578057,1.0,40.37403496093553,0.0,12693.957719170983,12693.957719170983,12451.311227130538,12936.604211211432,1.0,,6929.238546467049,0.0,-6929.238546467049,-7015.218135879897,-6843.2589570542,0.0,-100.0,uniform_width,,
traffic,0.3,20,122.0510508971687,-15.285083231774578,-23.99936739492984,0.1528499485423669,-54.71263773895494,4038.92497488246,8809.014623729428,4770.089648846968,4698.652863471535,4841.526434222401,1.0,4002.9,8795.1,4792.2,4707.8825031009455,4876.517496899054,1.0,123.8075486819985,415.5811327024144,3560.447010847869,3144.865878145456,2585.6972442568954,3704.034512034016,1.0,793.8442759442858,149999.32024646713,127071.8279651121,-22927.492281355044,-30853.901621370576,-15001.08294133951,0.0,38.67039402514608,14.671026630216232,-25.87409252926699,-22.12464226059269,0.0,-62.23055105230969,0.999995468309781,0.847145519767414,-0.1528499485423669,-0.2056926774758038,-0.10000721960893,0.0,-15.285083231774571,4.531690219070147e-06,0.1528544802325859,0.10000721960893,0.2056926774758038,1.0,3282482.054580784,0.3487668152736584,0.1597227917638126,-0.1890440235098457,-0.1962604588996183,-0.181827588120073,0.0,0.3506674414725741,0.1597227917638126,-0.1909446497087615,-0.1982287936549895,-0.1836605057625334,0.0,-54.96123372785621,0.9952043602180108,1.0,0.004795639781989,-0.0021130484481621,0.0117043280121403,0.1,0.5037239584438391,0.4222200950500186,0.8607658412157952,0.4385457461657767,0.4144968631860984,0.4625946291454549,1.0,110.75813382846891,0.0,8809.014623729428,8809.014623729428,8488.518970738784,9129.510276720071,1.0,,4038.92497488246,0.0,-4038.92497488246,-4377.60634445798,-3700.243605306938,0.0,-100.0,uniform_width,,
traffic,0.5,20,188.41451726582824,-30.667802102479964,-29.46287340639129,0.306676558638172,-68.58720350761953,4038.92497488246,11344.735375435714,7305.810400553251,7104.590156890292,7507.030644216211,1.0,4002.9,11322.55,7319.65,7121.223785560886,7518.076214439113,1.0,190.51695679071196,415.5811327024144,8285.111215536765,7869.530082834351,7538.7324910616335,8200.327674607068,1.0,2277.3941586814617,149999.32024646713,103997.83645074134,-46001.48379572581,-49011.40902414973,-42991.55856730189,0.0,38.67039402514608,9.20752061875478,-32.35363513057939,-26.572111682203197,0.0,-75.80350201435667,0.999995468309781,0.6933189096716088,-0.3066765586381721,-0.3267427268276649,-0.2866103904486793,0.0,-30.66780210247997,4.531690219070147e-06,0.3066810903283911,0.2866103904486792,0.3267427268276648,1.0,9972232.299760189,0.3487668152736584,0.1088778853952917,-0.2398889298783665,-0.2577295026495453,-0.2220483571071878,0.0,0.3506674414725741,0.1088778853952917,-0.2417895560772823,-0.2602599147545558,-0.2233191974000088,0.0,-68.73976625559627,0.9952043602180108,1.0,0.004795639781989,-0.0021130484481621,0.0117043280121403,0.1,0.5037239584438391,0.4222200950500186,0.9642411921279896,0.542021097077971,0.5105021856749143,0.5735400084810276,1.0,137.1899105028024,0.0,11344.735375435714,11344.735375435714,11199.222228153938,11490.24852271749,1.0,,4038.92497488246,0.0,-4038.92497488246,-4377.60634445798,-3700.243605306938,0.0,-100.0,uniform_width,,
traffic,0.8,20,225.7996437198351,-36.97982268172239,-31.186280437797983,0.3697965295609577,-72.45769133876897,4038.92497488246,12676.296269713925,8637.371294831464,8075.285977164496,9199.456612498432,1.0,4002.9,12637.4,8634.5,8091.325491998477,9177.674508001524,1.0,227.7138313554543,415.5811327024144,11152.412063613305,10736.830930910894,10428.85120733864,11044.810654483148,1.0,3312.3843239918606,149999.32024646713,94529.84081232348,-55469.47943414366,-56361.05387664444,-54577.90499164288,0.0,38.67039402514608,7.484113587348093,-34.508640304271864,-27.8639205713241,0.0,-79.97928644283155,0.999995468309781,0.6301989387488232,-0.3697965295609577,-0.3757403591776296,-0.3638526999442859,0.0,-36.9798226817224,4.531690219070147e-06,0.3698010612511768,0.3638526999442859,0.3757403591776296,1.0,12713833.354398336,0.3487668152736584,0.0946019312315787,-0.2541648840420797,-0.2756263458234164,-0.232703422260743,0.0,0.3506674414725741,0.0946019312315787,-0.2560655102409954,-0.2782388367452351,-0.2338921837367558,0.0,-72.58022957407368,0.9952043602180108,1.0,0.004795639781989,-0.0021130484481621,0.0117043280121403,0.1,0.5037239584438391,0.4222200950500186,0.9991972130718012,0.5769771180217826,0.5353648175591929,0.6185894184843724,1.0,146.89893631279887,0.0,12676.296269713925,12676.296269713925,12452.793218566008,12899.79932086184,1.0,,4038.92497488246,0.0,-4038.92497488246,-4377.60634445798,-3700.243605306938,0.0,-100.0,uniform_width,,
traffic,1.0,20,226.870047460579,-37.41162277273949,-31.250882301043877,0.3741145185604571,-72.60566945384895,4038.92497488246,12709.006574054374,8670.081599171914,8082.672831812565,9257.490366531263,1.0,4002.9,12665.65,8662.75,8098.226740719338,9227.273259280662,1.0,228.64546659156156,415.5811327024144,11265.328326815714,10849.7471941133,10472.903543481088,11226.590844745517,1.0,3366.212163081086,149999.32024646713,93882.14246239857,-56117.17778406858,-56685.44376063873,-55548.91180749844,0.0,38.67039402514608,7.419511724102196,-34.610123269486046,-27.891641332601697,0.0,-80.11566274854026,0.999995468309781,0.6258809497493238,-0.3741145185604572,-0.3779029584042582,-0.3703260787166563,0.0,-37.41162277273949,4.531690219070147e-06,0.3741190502506762,0.3703260787166562,0.3779029584042581,1.0,12946080.09387457,0.3487668152736584,0.0940015374352658,-0.2547652778383925,-0.2765641014537233,-0.2329664542230617,0.0,0.3506674414725741,0.0940015374352658,-0.2566659040373083,-0.2791792660692795,-0.234152542005337,0.0,-72.72657384702032,0.9952043602180108,1.0,0.004795639781989,-0.0021130484481621,0.0117043280121403,0.1,0.5037239584438391,0.4222200950500186,0.9986366872876152,0.5764165922375967,0.5345424426725512,0.6182907418026421,1.0,146.78807042591302,0.0,12709.006574054374,12709.006574054374,12460.139330673564,12957.873817435184,1.0,,4038.92497488246,0.0,-4038.92497488246,-4377.60634445798,-3700.243605306938,0.0,-100.0,uniform_width,,
traffic,1.2,20,226.795843772498,-37.30968784987687,-31.236301319136384,0.3730951738954059,-72.58254813505023,4038.92497488246,12707.57381931861,8668.648844436151,8085.278002875675,9252.019685996627,1.0,4002.9,12661.0,8658.1,8096.520998411176,9219.679001588824,1.0,228.49595485870083,415.5811327024144,11242.392815018173,10826.811682315758,10453.731624341202,11199.891740290312,1.0,3357.974565854753,149999.32024646713,94035.04416215623,-55964.27608431088,-56537.8598374457,-55390.69233117607,0.0,38.67039402514608,7.434092706009691,-34.59362386549016,-27.878978772782613,0.0,-80.07859083528632,0.999995468309781,0.6269002944143749,-0.3730951738954059,-0.3769190655829714,-0.3692712822078404,0.0,-37.30968784987686,4.531690219070147e-06,0.373099705585625,0.3692712822078404,0.3769190655829714,1.0,12909098.352937128,0.3487668152736584,0.0940906673671659,-0.2546761479064924,-0.2764394561243205,-0.2329128396886644,0.0,0.3506674414725741,0.0940906673671659,-0.2565767741054082,-0.2790540972405168,-0.2340994509702997,0.0,-72.7036735041307,0.9952043602180108,1.0,0.004795639781989,-0.0021130484481621,0.0117043280121403,0.1,0.5037239584438391,0.4222200950500186,0.999400822437832,0.5771807273878136,0.5356808891210008,0.6186805656546264,1.0,146.9379147645687,0.0,12707.57381931861,12707.57381931861,12462.699013780952,12952.448624856268,1.0,,4038.92497488246,0.0,-4038.92497488246,-4377.60634445798,-3700.243605306938,0.0,-100.0,uniform_width,,
traffic,Raw,20,226.42801939690585,-37.18270747098041,-31.21479299846996,0.3718253749276994,-72.52951570831041,4038.92497488246,12693.957719170983,8655.032744288526,8073.839288261026,9236.226200316029,1.0,4002.9,12649.5,8646.6,8086.745512690426,9206.454487309577,1.0,228.1822718118968,415.5811327024144,11206.552403354672,10790.97127065226,10423.598401452567,11158.34413985195,1.0,3345.556702387112,149999.32024646713,94225.51400731222,-55773.806239154925,-56386.64810508677,-55160.96437322308,0.0,38.67039402514608,7.455601026676119,-34.568447650782005,-27.86113834615792,0.0,-80.02479008669445,0.999995468309781,0.6281700933820813,-0.3718253749276995,-0.3759109873672452,-0.3677397624881538,0.0,-37.18270747098042,4.531690219070147e-06,0.3718299066179185,0.3677397624881537,0.3759109873672451,1.0,12854736.628525335,0.3487668152736584,0.0942822266492725,-0.2544845886243858,-0.2762118288386575,-0.2327573484101141,0.0,0.3506674414725741,0.0942822266492725,-0.2563852148233015,-0.2788260767848445,-0.2339443528617585,0.0,-72.65098503717604,0.9952043602180108,1.0,0.004795639781989,-0.0021130484481621,0.0117043280121403,0.1,0.5037239584438391,0.4222200950500186,0.9993880718513052,0.5771679768012866,0.5356517021880145,0.6186842514145587,1.0,146.93613255056624,0.0,12693.957719170983,12693.957719170983,12451.311227130538,12936.604211211432,1.0,,4038.92497488246,0.0,-4038.92497488246,-4377.60634445798,-3700.243605306938,0.0,-100.0,uniform_width,,
dual,,20,4.271169709198347,-0.8808390736863789,-1.680444842322873,0.0085544452642395,-2.525272469369268,3727.888634706561,3883.013452258522,155.12481755196123,26.1910675870202,284.05856751690226,0.65,3731.7,3874.65,142.95,-1.8669565258018397,287.7669565258018,0.65,4.003017931426607,373.38308489678064,370.78978416913753,-2.5933007276431126,-32.00532649048845,26.818725035202228,0.4,-0.1112670632257518,143957.46865052072,142674.30186088476,-1283.1667896359315,-2445.5363813183126,-120.7971979535505,0.4,38.65164125811803,36.97119641579517,-2.9499270972834246,-0.4109625873623217,0.35,-4.18387911137202,0.9597164576701382,0.9511620124058984,-0.0085544452642395,-0.0163035758754554,-0.0008053146530236,0.4,-0.880839073686379,0.0402835423298618,0.0488379875941013,0.0008053146530236,0.0163035758754554,0.6,31.555205834041807,0.4411639936293669,0.4244356873247243,-0.0167283063046425,-0.0474927361887718,0.0140361235794866,0.35,0.4411639936293669,0.4244356873247243,-0.0167283063046425,-0.0474927361887718,0.0140361235794866,0.35,-2.525272469369268,1.0,1.0,0.0,0.0,0.0,0.0,0.0,0.3910693255639946,0.4081359159533189,0.0170665903893242,-0.0016417806705282,0.0357749614491767,0.6,4.727548798835921,916.6398668096806,993.0816189240855,76.44175211440498,24.140055223785907,128.74344900502405,0.6,8.274545853398845,2811.24876789688,2889.931833334437,78.68306543755628,-16.761200480314585,174.12733135542717,0.65,2.8845603947070435,rollout_paths,0_to_0.3,0.25
dual,,20,12.397783319390005,-0.4830883840807647,-4.376062904193223,0.0048548137744938,-12.51220830200324,3727.888634706561,4185.951167095432,458.0625323888696,317.2047246934229,598.9203400843162,1.0,3731.7,4199.15,467.45,320.62246248743656,614.2775375125634,1.0,12.665428335646675,373.38308489678064,433.20729524979686,59.8242103530162,20.70280036890631,98.94562033712609,0.85,16.443612501358167,143957.46865052072,143229.24658434666,-728.2220661740721,-2241.887483952015,785.443351603871,0.3,38.65164125811803,34.275578353924814,-5.623839886741188,-3.128285921645257,0.0,-11.205252439670526,0.9597164576701382,0.9548616438956442,-0.0048548137744938,-0.01494591655968,0.0052362890106924,0.3,-0.4830883840807649,0.0402835423298618,0.0451383561043556,-0.0052362890106924,0.0149459165596801,0.7,32.07920861015824,0.4411639936293669,0.3821046985743047,-0.059059295055062,-0.0876961505977436,-0.0304224395123804,0.2,0.4411639936293669,0.3821046985743047,-0.059059295055062,-0.0876961505977436,-0.0304224395123804,0.2,-12.51220830200324,1.0,1.0,0.0,0.0,0.0,0.0,0.0,0.3910693255639946,0.4395128897962408,0.0484435642322461,0.0295543222931927,0.0673328061712994,0.95,12.699725644529748,1838.209491367582,2142.452483127684,304.2429917601021,219.34842197934256,389.1375615408616,1.0,16.754872194566737,1889.679143338979,2043.498683967747,153.8195406287673,78.17327351298074,229.46580774455384,0.9,8.634868478016276,rollout_paths,0_to_0.3,0.5
dual,,20,16.941542848029272,-0.7694716020889343,-5.769664229370352,0.0076877266424414,-16.310228411222795,3727.888634706561,4352.299151896544,624.4105171899819,525.2415748393181,723.5794595406456,1.0,3731.7,4348.85,617.15,527.258746323525,707.041253676475,1.0,16.707370475759223,373.38308489678064,438.6293583799632,65.24627348318252,44.35981846321273,86.13272850315231,0.95,19.046425753503616,143957.46865052072,142804.30965415452,-1153.1589963662177,-2852.930222174341,546.6122294419054,0.5,38.65164125811803,32.881977028747684,-6.432636135400577,-5.106692323340126,0.0,-14.846613164598184,0.9597164576701382,0.9520287310276964,-0.0076877266424414,-0.0190195348144956,0.0036440815296127,0.5,-0.7694716020889347,0.0402835423298618,0.0479712689723032,-0.0036440815296127,0.0190195348144955,0.5,49.69783523973709,0.4411639936293669,0.3652903166697813,-0.0758736769595855,-0.0977819803295373,-0.0539653735896336,0.0,0.4411639936293669,0.3652903166697813,-0.0758736769595855,-0.0977819803295373,-0.0539653735896336,0.0,-16.310228411222795,1.0,1.0,0.0,0.0,0.0,0.0,0.0,0.3910693255639946,0.4566875425107997,0.065618216946805,0.0520051064457802,0.0792313274478297,1.0,17.198217000608217,2861.9535037317964,3384.501049446377,522.547545714581,426.3368563748066,618.7582350543554,1.0,18.42759611835584,865.935130974765,967.7981024501656,101.86297147540088,66.34530726758558,137.38063568321618,0.9,12.200096152466234,rollout_paths,0_to_0.3,0.75
pid,,20,4.0873451550218975,-0.7688357000413399,-1.0018645670983768,0.0076012802371456,-5.685089552696976,6929.238546467049,7208.624525682901,279.3859792158517,148.17797854243628,410.59397988926713,0.85,6904.45,7195.1,290.65,161.1379673110721,420.1620326889279,0.85,4.250874993075884,1438.924659766582,1552.0833655274942,113.15870576091235,30.238967695215837,196.0784438266089,0.75,8.608832883771493,146367.47051814376,145227.2784825719,-1140.1920355718423,-2012.8283884445784,-267.5556826991059,0.2,21.210940194423895,20.20907562732552,-1.411176985330591,-0.5925521488661625,0.2,-4.671848082271888,0.975783136787625,0.9681818565504792,-0.0076012802371455,-0.0134188559229638,-0.0017837045513273,0.2,-0.7688357000413363,0.0242168632123748,0.0318181434495204,0.0017837045513273,0.0134188559229638,0.8,56.71082614934976,0.2209598621231396,0.2083714223576651,-0.0125884397654745,-0.0180135363316835,-0.0071633431992654,0.1,0.2209598621231396,0.2083714223576651,-0.0125884397654745,-0.0180135363316835,-0.0071633431992654,0.1,-5.685089552696976,1.0,1.0,0.0,0.0,0.0,0.0,0.0,0.7124809326629296,0.7420978316967178,0.0296168990337883,0.0149153526940073,0.0443184453735693,0.9,4.18423477040429,1694.2737285389758,1810.339442017072,116.06571347809592,68.86855553396961,163.26287142222225,0.85,7.404457905441636,5234.964817928073,5398.285083665827,163.3202657377555,54.411138957663184,272.2293925178478,0.85,3.2433344191800395,rollout_paths,0_to_0.3,0.25
pid,,20,8.095601723533521,-1.5242309332887314,-1.9363880467516688,0.014994744332538,-9.60289013961359,6929.238546467049,7486.728989152662,557.4904426856143,412.9969978865362,701.9838874846924,0.9,6904.45,7487.75,583.3,434.7385009797976,731.8614990202024,0.95,8.502079583749289,1438.924659766582,1701.779962584535,262.85530281795275,147.01787484990024,378.69273078600526,0.85,19.59154975192648,146367.47051814376,144118.25886826307,-2249.211649880702,-3244.398254598316,-1254.025045163089,0.1,21.210940194423895,19.27455214767223,-2.4088045002685967,-1.4639715932347408,0.0,-9.05755429928505,0.975783136787625,0.9607883924550872,-0.014994744332538,-0.021629321697322,-0.0083601669677539,0.1,-1.5242309332887305,0.0242168632123748,0.0392116075449128,0.0083601669677539,0.0216293216973221,0.9,101.10951564204136,0.2209598621231396,0.1997624307593805,-0.021197431363759,-0.0254983534283969,-0.0168965092991211,0.0,0.2209598621231396,0.1997624307593805,-0.021197431363759,-0.0254983534283969,-0.0168965092991211,0.0,-9.60289013961359,1.0,1.0,0.0,0.0,0.0,0.0,0.0,0.7124809326629296,0.7663448362188838,0.0538639035559543,0.0377568284661919,0.0699709786457167,0.95,7.57684748377005,3446.507900867904,3791.696427004504,345.18852613659953,243.03159887895907,447.34545339424,0.9,9.903535549488724,3482.7306455991443,3695.0325621481593,212.30191654901452,132.14960452305309,292.454228574976,0.95,6.31305865238822,rollout_paths,0_to_0.3,0.5
pid,,20,12.785853854590997,-2.9586356956700204,-2.984391452034101,0.0289835218102886,-13.759979895351323,6929.238546467049,7811.579182891435,882.3406364243874,759.846345255413,1004.8349275933618,1.0,6904.45,7798.55,894.1,762.8123413239632,1025.3876586760368,1.0,13.005596960633785,1438.924659766582,1983.3635982961923,544.438938529611,444.1382094868136,644.7396675724086,1.0,39.02912904523517,146367.47051814376,142019.9422466005,-4347.528271543291,-5497.708208802937,-3197.3483342836453,0.05,21.210940194423895,18.2265487423898,-3.3557952553645403,-2.6129876487036614,0.0,-14.013945512812516,0.975783136787625,0.9467996149773364,-0.0289835218102886,-0.0366513880586862,-0.0213156555618909,0.05,-2.95863569567002,0.0242168632123748,0.0532003850226635,0.0213156555618909,0.0366513880586862,0.95,174.1317473955548,0.2209598621231396,0.1904579792546584,-0.0305018828684811,-0.0347678792553219,-0.0262358864816403,0.0,0.2209598621231396,0.1904579792546584,-0.0305018828684811,-0.0347678792553219,-0.0262358864816403,0.0,-13.759979895351323,1.0,1.0,0.0,0.0,0.0,0.0,0.0,0.7124809326629296,0.788181100722853,0.0757001680599233,0.061106555744241,0.0902937803756057,1.0,10.658544346321085,5324.523886248138,6061.134270068289,736.6103838201503,626.0236655672979,847.1971020730027,1.0,13.819503071401504,1604.7146602189096,1750.4449128231458,145.73025260423657,92.8183079448922,198.64219726358093,0.95,9.0133369354834,rollout_paths,0_to_0.3,0.75
traffic,,20,22.13289216950937,-0.3684147693378995,-7.171578256237337,0.0036841235933401,-13.14047148499311,4038.92497488246,4931.728108260968,892.803133378508,763.4315861955672,1022.1746805614488,1.0,4002.9,4904.85,901.95,770.7473178196652,1033.1526821803348,1.0,22.609008329476172,415.5811327024144,631.917453292963,216.33632059054867,162.33496123024395,270.3376799508534,1.0,52.62819235648091,149999.32024646713,149446.7017074661,-552.6185390010244,-887.0615111313,-218.1755668707487,0.3,38.67039402514608,31.49881576890874,-8.150397775432971,-6.192758737041704,0.0,-18.549384793708036,0.999995468309781,0.9963113447164408,-0.0036841235933401,-0.0059137434075419,-0.0014545037791383,0.3,-0.3684147693378987,4.531690219070147e-06,0.0036886552835591,0.0014545037791383,0.0059137434075419,0.7,57881.91964545644,0.3487668152736584,0.3034057548215018,-0.0453610604521566,-0.053740737921223,-0.0369813829830902,0.0,0.3506674414725741,0.3046022656382407,-0.0460651758343334,-0.0537258929109275,-0.0384044587577392,0.0,-13.273160116728604,0.9952043602180108,0.996445622281114,0.0012412620631031,-0.0064515626623034,0.0089340867885097,0.1,0.1423950687426521,0.4222200950500186,0.5391398482373091,0.1169197531872905,0.106736575336461,0.12710293103812,1.0,28.666941703683825,968.4445677307548,1597.8360017837222,629.3914340529675,551.8590814092272,706.9237866967078,1.0,66.54214489657473,3070.4804071517046,3333.8921064772453,263.4116993255408,186.4016474603141,340.42175119076745,1.0,8.092264809807617,rollout_paths,0_to_0.3,0.25
traffic,,20,51.51662734674484,-3.625665087775961,-14.234307968072075,0.0362564227020561,-30.079326853735427,4038.92497488246,6097.96541834814,2059.0404434656803,1905.5874303655892,2212.493456565772,1.0,4002.9,6099.25,2096.35,1946.8123892396604,2245.887610760339,1.0,53.01646762357186,415.5811327024144,1134.629761168629,719.0486284662147,561.6370291222726,876.4602278101569,1.0,174.53673962515552,149999.32024646713,144560.85684115867,-5438.463405308437,-8216.58648411762,-2660.340326499254,0.25,38.67039402514608,24.436086057074,-15.404209737529651,-13.0644061986145,0.0,-36.95630425026986,0.999995468309781,0.9637390456077248,-0.0362564227020562,-0.0547772432274508,-0.0177356021766617,0.25,-3.625665087775964,4.531690219070147e-06,0.0362609543922752,0.0177356021766616,0.0547772432274507,0.75,592780.0035682821,0.3487668152736584,0.2455713995258302,-0.1031954157478282,-0.1103411626954397,-0.0960496688002167,0.0,0.3506674414725741,0.2459278632571001,-0.104739578215474,-0.1115428311888246,-0.0979363252421234,0.0,-30.357699668453883,0.9952043602180108,0.998816740837042,0.0036123806190309,-0.0039029473485455,0.0111277085866074,0.1,0.385398042148024,0.4222200950500186,0.6600504119592321,0.2378303169092135,0.2272496432583156,0.2484109905601115,1.0,58.79446944893506,1959.3780448997209,3462.71354892984,1503.335504030118,1422.46999598591,1584.2010120743262,1.0,79.32204778582013,2079.5469299827387,2635.2518694183013,555.7049394355621,417.88720884099314,693.522670030131,1.0,25.315895024493877,rollout_paths,0_to_0.3,0.5
traffic,,20,82.95184533282654,-9.571200631011225,-19.64464584943027,0.0957114242418488,-43.25914917236728,4038.92497488246,7294.7250570507,3255.8000821682426,3093.040983066156,3418.5591812703296,1.0,4002.9,7296.15,3293.25,3122.4706128899707,3464.0293871100293,1.0,84.63846222892715,415.5811327024144,1983.0133935912988,1567.432260888885,1253.1423971409693,1881.7221246368,1.0,390.8560086994768,149999.32024646713,135642.60661018983,-14356.71363627734,-20388.212679852,-8325.214592702683,0.0,38.67039402514608,19.02574817571581,-21.24999353336567,-18.039298165494863,0.0,-50.953538158929376,0.999995468309781,0.904284044067932,-0.0957114242418489,-0.1359214178656799,-0.0555014306180179,0.0,-9.571200631011228,4.531690219070147e-06,0.0957159559320679,0.0555014306180178,0.1359214178656799,1.0,1857540.7260354331,0.3487668152736584,0.2003424521955373,-0.148424363078121,-0.1538700540253858,-0.1429786721308563,0.0,0.3506674414725741,0.2003424521955373,-0.1503249892770368,-0.1559457207094476,-0.144704257844626,0.0,-43.55794948101311,0.9952043602180108,1.0,0.004795639781989,-0.0021130484481621,0.0117043280121403,0.1,0.5037239584438391,0.4222200950500186,0.7637014924610627,0.3414813974110443,0.3221972997944823,0.3607654950276062,1.0,85.76024779280215,3085.080545578065,5849.524347138285,2764.443801560219,2557.4483048280126,2971.439298292425,1.0,93.26783431525492,953.8444293043938,1445.2007099124182,491.35628060802463,368.20975170966966,614.5028095063795,1.0,49.57468503855239,rollout_paths,0_to_0.3,0.75
dual,,20,24.99455494207577,-0.731617892094468,-7.887834086386482,0.0070136020115833,-22.341755715564425,3727.888634706561,4654.769179568714,926.8805448621526,807.3361845418714,1046.424905182434,1.0,3731.7,4654.85,923.15,800.117316056889,1046.182683943111,1.0,24.90307994209812,373.38308489678064,515.3829671691917,141.9998822724111,116.67383599025288,167.32592855456932,1.0,38.38888775159008,143957.46865052072,142905.42834878323,-1052.0403017375108,-2139.83150257162,35.75089909659823,0.3,38.65164125811803,30.76380717173156,-8.760780932415276,-7.014887240357687,0.0,-20.29002354231928,0.9597164576701382,0.9527028556585544,-0.0070136020115834,-0.0142655433504775,0.0002383393273106,0.3,-0.731617892094471,0.0402835423298618,0.0472971443414452,-0.0002383393273106,0.0142655433504774,0.7,21.26492671664571,0.4411639936293669,0.3393277569163958,-0.101836236712971,-0.1249821094119161,-0.0786903640140259,0.0,0.4411639936293669,0.3393277569163958,-0.101836236712971,-0.1249821094119161,-0.0786903640140259,0.0,-22.341755715564425,1.0,1.0,0.0,0.0,0.0,0.0,0.0,0.3910693255639946,0.4757637749903424,0.0846944494263477,0.0699330298057848,0.0994558690469105,1.0,21.960095873960395,3727.888634706561,4654.769179568714,926.8805448621526,807.3361845418714,1046.424905182434,1.0,24.99455494207577,0.0,0.0,0.0,0.0,0.0,0.0,,rollout_paths,0_to_0.3,1.0
pid,,20,17.228182249026084,-4.965553098561102,-4.035302825316922,0.048617160683846,-17.21408469947551,6929.238546467049,8116.761591849628,1187.5230453825804,1040.297908201017,1334.748182564144,1.0,6904.45,8102.05,1197.6,1056.2208790385498,1338.97912096145,1.0,17.42698805278952,1438.924659766582,2360.381138436004,921.456478669423,822.550175404402,1020.362781934444,1.0,65.29177297210053,146367.47051814376,139074.89641556685,-7292.574102576911,-8547.08244822214,-6038.065756931684,0.0,21.210940194423895,17.175637369106973,-4.3627589211904665,-3.7078467294433777,0.0,-18.971443876200933,0.975783136787625,0.927165976103779,-0.048617160683846,-0.0569805496548142,-0.0402537717128778,0.0,-4.965553098561098,0.0242168632123748,0.0728340238962209,0.0402537717128778,0.0569805496548142,1.0,282.802410581387,0.2209598621231396,0.1827464112511435,-0.038213450871996,-0.0429532595771646,-0.0334736421668275,0.0,0.2209598621231396,0.1827464112511435,-0.038213450871996,-0.0429532595771646,-0.0334736421668275,0.0,-17.21408469947551,1.0,1.0,0.0,0.0,0.0,0.0,0.0,0.7124809326629296,0.7958658063460179,0.0833848736830883,0.0654094747645028,0.1013602726016738,1.0,11.77270236396848,6929.238546467049,8116.761591849628,1187.523045382581,1040.2979082010172,1334.748182564144,1.0,17.228182249026084,0.0,0.0,0.0,0.0,0.0,0.0,,rollout_paths,0_to_0.3,1.0
traffic,,20,122.0510508971687,-15.285083231774578,-23.99936739492984,0.1528499485423669,-54.71263773895494,4038.92497488246,8809.014623729428,4770.089648846968,4698.652863471535,4841.526434222401,1.0,4002.9,8795.1,4792.2,4707.8825031009455,4876.517496899054,1.0,123.8075486819985,415.5811327024144,3560.447010847869,3144.865878145456,2585.6972442568954,3704.034512034016,1.0,793.8442759442858,149999.32024646713,127071.8279651121,-22927.492281355044,-30853.901621370576,-15001.08294133951,0.0,38.67039402514608,14.671026630216232,-25.87409252926699,-22.12464226059269,0.0,-62.23055105230969,0.999995468309781,0.847145519767414,-0.1528499485423669,-0.2056926774758038,-0.10000721960893,0.0,-15.285083231774571,4.531690219070147e-06,0.1528544802325859,0.10000721960893,0.2056926774758038,1.0,3282482.054580784,0.3487668152736584,0.1597227917638126,-0.1890440235098457,-0.1962604588996183,-0.181827588120073,0.0,0.3506674414725741,0.1597227917638126,-0.1909446497087615,-0.1982287936549895,-0.1836605057625334,0.0,-54.96123372785621,0.9952043602180108,1.0,0.004795639781989,-0.0021130484481621,0.0117043280121403,0.1,0.5037239584438391,0.4222200950500186,0.8607658412157952,0.4385457461657767,0.4144968631860984,0.4625946291454549,1.0,110.75813382846891,4038.92497488246,8809.014623729428,4770.089648846968,4698.652863471535,4841.526434222401,1.0,122.0510508971687,0.0,0.0,0.0,0.0,0.0,0.0,,rollout_paths,0_to_0.3,1.0
dual,,20,12.131412619068794,-13.692833658365943,-8.51838262839567,0.1315837180738316,-19.939219348152218,3727.888634706561,4173.931672069068,446.043037362506,242.955447782419,649.130626942593,0.85,3731.7,4156.1,424.4,221.09581883548097,627.704181164519,0.9,11.53001772934142,373.38308489678064,710.0082447101229,336.6251598133422,259.1414049822086,414.10891464447576,1.0,92.250763136486,143957.46865052072,124219.910939446,-19737.557711074744,-22113.86822193925,-17361.247200210233,0.0,38.65164125811803,30.133258629722366,-9.925037509939113,-7.11172774685223,0.0,-21.927048963469147,0.9597164576701382,0.8281327395963066,-0.1315837180738316,-0.1474257881462617,-0.1157416480014015,0.0,-13.692833658365949,0.0402835423298618,0.1718672604036935,0.1157416480014015,0.1474257881462617,1.0,414.5434188697952,0.4411639936293669,0.3508137120967797,-0.0903502815325871,-0.1194503966725414,-0.0612501663926328,0.05,0.4411639936293669,0.3508137120967797,-0.0903502815325871,-0.1194503966725414,-0.0612501663926328,0.05,-19.939219348152218,1.0,1.0,0.0,0.0,0.0,0.0,0.0,0.3910693255639946,0.437467487939967,0.0463981623759723,0.0239179029340363,0.0688784218179083,0.85,12.063421953138445,916.6398668096806,1002.6410144295156,86.001147619835,-24.752040242473328,196.7543354821433,0.65,7.957750147988617,2811.24876789688,3171.290657639552,360.04188974267106,235.60962801305425,484.4741514722879,0.9,12.98801064372168,rollout_paths,0_to_0.8,0.25
dual,,20,38.093975650239926,-24.21176954176212,-17.42511759393254,0.2327191572045723,-40.52687811521256,3727.888634706561,5136.44319689382,1408.5545621872584,1203.9518550662465,1613.1572693082703,1.0,3731.7,5150.5,1418.8,1209.3520367940034,1628.2479632059965,1.0,38.39383545657707,373.38308489678064,1270.346672456254,896.9635875594735,814.7894560078136,979.1377191111334,1.0,249.99753311281077,143957.46865052072,109049.59506983488,-34907.873580685846,-38350.6280505537,-31465.119110817992,0.0,38.65164125811803,21.2265236641855,-18.404222119296428,-16.446013068568654,0.0,-44.974395944599145,0.9597164576701382,0.7269973004655659,-0.2327191572045723,-0.255670853670358,-0.2097674607387866,0.0,-24.21176954176212,0.0402835423298618,0.2730026995344342,0.2097674607387866,0.2556708536703581,1.0,737.0403944201325,0.4411639936293669,0.2585372735507504,-0.1826267200786165,-0.2109732336138749,-0.154280206543358,0.0,0.4411639936293669,0.2585372735507504,-0.1826267200786165,-0.2109732336138749,-0.154280206543358,0.0,-40.52687811521256,1.0,1.0,0.0,0.0,0.0,0.0,0.0,0.3910693255639946,0.513324670685639,0.1222553451216444,0.1009407824502902,0.1435699077929985,1.0,31.790298265567426,1838.209491367582,2572.854489559808,734.6449981922258,569.0328509511581,900.2571454332934,1.0,40.16156160482868,1889.679143338979,2563.588707334012,673.9095639950325,599.7640925483905,748.0550354416745,1.0,36.49441973751807,rollout_paths,0_to_0.8,0.5
dual,,20,82.04595020443656,-26.076016113099836,-22.83771073623356,0.2499126518900497,-57.12721377719529,3727.888634706561,6790.568421602667,3062.6797868961053,2606.8334347476352,3518.5261390445758,1.0,3731.7,6782.15,3050.45,2587.025291678171,3513.8747083218286,1.0,81.72944358040283,373.38308489678064,2250.425462227333,1877.042377330552,1641.8593431880738,2112.22541147303,1.0,508.14928119349145,143957.46865052072,106470.57086701326,-37486.89778350746,-42483.36926600753,-32490.426301007392,0.0,38.65164125811803,15.813930521884478,-23.80483127878754,-21.870590193679583,0.0,-59.00466757400606,0.9597164576701382,0.7098038057800883,-0.2499126518900497,-0.2832224617733835,-0.2166028420067159,0.0,-26.076016113099836,0.0402835423298618,0.2901961942199116,0.2166028420067159,0.2832224617733835,1.0,718.7209283990226,0.4411639936293669,0.1873032167316075,-0.2538607768977593,-0.2799910872562762,-0.2277304665392424,0.0,0.4411639936293669,0.1873032167316075,-0.2538607768977593,-0.2799910872562762,-0.2277304665392424,0.0,-57.12721377719529,1.0,1.0,0.0,0.0,0.0,0.0,0.0,0.3910693255639946,0.6400255350342046,0.2489562094702098,0.1996916723991101,0.2982207465413096,1.0,63.362202066502206,2861.9535037317964,5252.537984514591,2390.5844807827957,1972.2027783100448,2808.9661832555457,1.0,83.71108920866898,865.935130974765,1538.030437088076,672.0953061133107,577.842262832391,766.3483493942304,1.0,80.07678804708357,rollout_paths,0_to_0.8,0.75
pid,,20,12.30336024003508,-7.438660179709304,-3.7601840408214167,0.0726982446646029,-16.283290797914695,6929.238546467049,7777.318120248182,848.0795737811344,726.5527921268754,969.6063554353934,1.0,6904.45,7768.5,864.05,756.7956726341553,971.3043273658446,1.0,12.558698045340313,1438.924659766582,2271.0151413006643,832.0904815340828,722.6770786860809,941.5038843820846,1.0,58.1117034383654,146367.47051814376,135462.73381845333,-10904.73669969044,-12679.500900458404,-9129.972498922478,0.0,21.210940194423895,17.45075615360248,-4.093067137789056,-3.427300943853777,0.0,-17.70107353993277,0.975783136787625,0.9030848921230225,-0.0726982446646028,-0.0845300060030559,-0.0608664833261497,0.0,-7.4386601797092995,0.0242168632123748,0.0969151078769778,0.0608664833261498,0.0845300060030559,1.0,400.0507015060099,0.2209598621231396,0.1850473420595706,-0.035912520063569,-0.0405291646574135,-0.0312958754697245,0.0,0.2209598621231396,0.1850473420595706,-0.035912520063569,-0.0405291646574135,-0.0312958754697245,0.0,-16.283290797914695,1.0,1.0,0.0,0.0,0.0,0.0,0.0,0.7124809326629296,0.7860007527737645,0.073519820110835,0.0597945145153662,0.0872451257063038,1.0,10.360688540045778,1694.2737285389758,1968.76415354113,274.49042500215444,183.244071133186,365.7367788711229,0.95,16.414171256379515,5234.964817928073,5808.553966707053,573.5891487789801,480.30298769074864,666.8753098672115,1.0,11.048116573279808,rollout_paths,0_to_0.8,0.25
pid,,20,21.712114551846657,-17.031016132530503,-6.793775218996835,0.1663144646239272,-29.76217974601088,6929.238546467049,8428.8471215797,1499.608575112654,1352.2821511284797,1646.934999096828,1.0,6904.45,8428.9,1524.45,1376.04056700344,1672.85943299656,1.0,22.13300969215198,1438.924659766582,3333.943325739014,1895.0186659724327,1740.5216695603258,2049.51566238454,1.0,133.26647119130897,146367.47051814376,121420.30082455468,-24947.169693589087,-26776.588174234686,-23117.751212943487,0.0,21.210940194423895,14.417164975427063,-7.150253491320192,-6.437296946673478,0.0,-31.98275965102831,0.975783136787625,0.8094686721636979,-0.1663144646239272,-0.1785105878282312,-0.1541183414196232,0.0,-17.031016132530503,0.0242168632123748,0.190531327836302,0.1541183414196232,0.1785105878282312,1.0,888.5699003140459,0.2209598621231396,0.155221756465231,-0.0657381056579085,-0.0698917526681205,-0.0615844586476966,0.0,0.2209598621231396,0.155221756465231,-0.0657381056579085,-0.0698917526681205,-0.0615844586476966,0.0,-29.76217974601088,1.0,1.0,0.0,0.0,0.0,0.0,0.0,0.7124809326629296,0.8250654082638429,0.1125844756009134,0.0960545364796481,0.1291144147221786,1.0,15.84318172854896,3446.507900867904,4157.12166336113,710.6137624932269,582.9689227217089,838.2586022647449,1.0,20.68424519655617,3482.7306455991443,4271.725458218572,788.9948126194271,686.6879507797222,891.301674459132,1.0,22.91120690007544,rollout_paths,0_to_0.8,0.5
pid,,20,40.93709916355554,-24.65906498860862,-9.896168570366177,0.2407852904492235,-42.98153787008973,6929.238546467049,9756.43128485094,2827.1927383838893,2540.8543655693547,3113.531111198424,1.0,6904.45,9767.4,2862.95,2588.868121521682,3137.0318784783176,1.0,41.58598373372421,1438.924659766582,5577.224678126118,4138.300018359537,3760.887327754243,4515.712708964831,1.0,288.3475539263272,146367.47051814376,110249.67695076024,-36117.79356738352,-38449.74428935536,-33785.84284541169,0.0,21.210940194423895,11.314771624057723,-10.304506695614842,-9.487830445117508,0.0,-46.62277499224601,0.975783136787625,0.7349978463384017,-0.2407852904492234,-0.2563316285957023,-0.2252389523027445,0.0,-24.659064988608613,0.0242168632123748,0.2650021536615983,0.2252389523027446,0.2563316285957024,1.0,1281.1026532741512,0.2209598621231396,0.1257354252835359,-0.0952244368396036,-0.1005634943856286,-0.0898853792935787,0.0,0.2209598621231396,0.1257354252835359,-0.0952244368396036,-0.1005634943856286,-0.0898853792935787,0.0,-42.98153787008973,1.0,1.0,0.0,0.0,0.0,0.0,0.0,0.7124809326629296,0.8945301160050171,0.1820491833420877,0.1633580602937557,0.2007403063904196,1.0,25.67431591596169,5324.523886248138,7405.923258700395,2081.399372452255,1784.247387297111,2378.5513576073995,1.0,38.98512858460828,1604.7146602189096,2350.508026150544,745.7933659316342,650.3357117455259,841.2510201177424,1.0,46.7842131235026,rollout_paths,0_to_0.8,0.75
traffic,,20,43.29826042668263,-7.557593220166895,-13.930895965773995,0.0755755108353243,-24.191784397230343,4038.92497488246,5666.326582888903,1627.401608006444,1397.6715677756877,1857.1316482372008,1.0,4002.9,5652.4,1649.5,1412.570606389084,1886.429393610916,1.0,44.35447457296198,415.5811327024144,1609.831037633728,1194.2499049313133,1039.7473232038042,1348.7524866588224,1.0,380.9944508748141,149999.32024646713,138662.99362116848,-11336.326625298652,-14595.555278185882,-8077.097972411422,0.0,38.67039402514608,24.739498059372075,-16.190140849497737,-11.671651082050255,0.0,-35.11671805834051,0.999995468309781,0.9244199574744564,-0.0755755108353243,-0.0973037018545725,-0.0538473198160761,0.0,-7.557593220166899,4.531690219070147e-06,0.0755800425255433,0.0538473198160761,0.0973037018545725,1.0,1796659.405156497,0.3487668152736584,0.2653459179018719,-0.0834208973717864,-0.0926402261787477,-0.0742015685648251,0.0,0.3506674414725741,0.2657644992587112,-0.0849029422138629,-0.0946890359982276,-0.0751168484294982,0.0,-24.466337417257225,0.9952043602180108,0.9988164408220412,0.0036120806040301,-0.0039032806390725,0.0111274418471329,0.1,0.3853680406479493,0.4222200950500186,0.63424447804423,0.2120243829942114,0.1718874311089221,0.2521613348795006,1.0,56.26759705864534,968.4445677307548,2207.277092259897,1238.8325245291423,926.2515132127172,1551.4135358455676,1.0,140.41093533927693,3070.4804071517046,3459.049490629007,388.569083477302,261.68209040107854,515.4560765535255,1.0,11.8666379777832,rollout_paths,0_to_0.8,0.25
traffic,,20,91.91829170767828,-20.982550513695568,-22.92299530785744,0.2098244617112096,-48.20214999886752,4038.92497488246,7584.211840955117,3545.2868660726576,3282.2064201980747,3808.367311947241,1.0,4002.9,7601.45,3598.55,3340.145612904528,3856.9543870954726,1.0,94.12962590133212,415.5811327024144,3874.80118054099,3459.220047838576,3212.3459792817644,3706.094116395388,1.0,1046.934551255059,149999.32024646713,118525.65098978567,-31473.66925668145,-35563.20519495913,-27384.133318403765,0.0,38.67039402514608,15.747398717288636,-25.403871915555843,-20.44211870015904,0.0,-58.8192097117882,0.999995468309781,0.7901710065985713,-0.2098244617112096,-0.2370880346330608,-0.1825608887893584,0.0,-20.982550513695568,4.531690219070147e-06,0.2098289934014287,0.1825608887893584,0.2370880346330608,1.0,6460142.772382871,0.3487668152736584,0.1820191056396292,-0.1667477096340291,-0.1775040341879373,-0.1559913850801209,0.0,0.3506674414725741,0.1820191056396292,-0.1686483358329448,-0.1794257922183221,-0.1578708794475675,0.0,-48.481125097919225,0.9952043602180108,1.0,0.004795639781989,-0.0021130484481621,0.0117043280121403,0.1,0.5037239584438391,0.4222200950500186,0.7652204236345619,0.3430003285845434,0.3127716983001862,0.3732289588689007,1.0,87.63307904655287,1959.3780448997209,4492.102361293089,2532.724316393369,2085.864916568258,2979.583716218479,1.0,140.48962762290765,2079.5469299827387,3092.109479662028,1012.5625496792892,734.7479784807169,1290.3771208778612,1.0,46.04409686414216,rollout_paths,0_to_0.8,0.5
traffic,,20,145.0145316070246,-34.35262082875472,-28.3827331281797,0.3435246111677436,-65.6058339245345,4038.92497488246,9616.57551359412,5577.650538711662,5194.074213332387,5961.226864090937,1.0,4002.9,9615.15,5612.25,5244.953737792852,5979.546262207148,1.0,147.220571572607,415.5811327024144,6899.037685213434,6483.456552511019,6118.89454721594,6848.018557806098,1.0,1974.2557430855957,149999.32024646713,98470.62857130558,-51528.69167516154,-54172.99869548974,-48884.38465483335,0.0,38.67039402514608,10.287660896966385,-31.426579603374734,-25.33888665298467,0.0,-72.79188599155916,0.999995468309781,0.6564708571420373,-0.3435246111677436,-0.3611533246365982,-0.3258958976988889,0.0,-34.35262082875472,4.531690219070147e-06,0.3435291428579626,0.3258958976988889,0.3611533246365982,1.0,11739833.691598702,0.3487668152736584,0.1190847832506898,-0.2296820320229685,-0.2477993277807636,-0.2115647362651734,0.0,0.3506674414725741,0.1190847832506898,-0.2315826582218842,-0.2504696627184191,-0.2126956537253495,0.0,-65.76331878295812,0.9952043602180108,1.0,0.004795639781989,-0.0021130484481621,0.0117043280121403,0.1,0.5037239584438391,0.4222200950500186,0.8555274287466466,0.4333073336966279,0.3976351564700346,0.4689795109232212,1.0,110.46408500367,3085.080545578065,7648.380227406075,4563.29968182801,4036.630864051364,5089.968499604656,1.0,156.9610905707974,953.8444293043938,1968.195286188046,1014.3508568836526,836.1771363307516,1192.5245774365535,1.0,106.25246477929174,rollout_paths,0_to_0.8,0.75
dual,,20,150.41571627204468,-18.500515278740245,-26.01623367182354,0.1778405186067237,-67.24968376656537,3727.888634706561,9317.110599732134,5589.221965025574,5482.085123291707,5696.358806759441,1.0,3731.7,9283.85,5552.15,5444.197163022163,5660.102836977836,1.0,149.33865769440732,373.38308489678064,4113.968641057633,3740.585556160853,3642.584618329723,3838.5864939919834,1.0,1035.9700053493837,143957.46865052072,117281.39085951216,-26676.077791008564,-28222.523785614103,-25129.631796403024,0.0,38.65164125811803,12.635407586294503,-26.749861697010893,-25.282605646636185,0.0,-67.2601098757505,0.9597164576701382,0.7818759390634143,-0.1778405186067237,-0.1881501585707607,-0.1675308786426868,0.0,-18.500515278740245,0.0402835423298618,0.2181240609365856,0.1675308786426868,0.1881501585707606,1.0,566.507874875231,0.4411639936293669,0.1417255748562106,-0.2994384187731562,-0.3288301194070717,-0.2700467181392407,0.0,0.4411639936293669,0.1417255748562106,-0.2994384187731562,-0.3288301194070717,-0.2700467181392407,0.0,-67.24968376656537,1.0,1.0,0.0,0.0,0.0,0.0,0.0,0.3910693255639946,0.8453447587079431,0.4542754331439483,0.4402373283116759,0.4683135379762208,1.0,117.23384240908588,3727.888634706561,9317.110599732134,5589.221965025574,5482.085123291707,5696.358806759441,1.0,150.41571627204468,0.0,0.0,0.0,0.0,0.0,0.0,,rollout_paths,0_to_0.8,1.0
pid,,20,62.80086177573285,-29.79439739755465,-12.054584989998768,0.2909172619439832,-50.046513980354256,6929.238546467049,11269.491857409726,4340.25331094268,4018.989337869516,4661.517284015843,1.0,6904.45,11242.4,4337.95,4028.1294685269495,4647.77053147305,1.0,62.98015353605515,1438.924659766582,8311.228349021896,6872.303689255316,6491.301915050429,7253.305463460202,1.0,478.5104835757864,146367.47051814376,102729.88122654626,-43637.58929159749,-45081.97151643793,-42193.20706675704,0.0,21.210940194423895,9.156355204425129,-12.315252150052952,-11.793917829944585,0.0,-56.81687412830629,0.975783136787625,0.6848658748436418,-0.2909172619439831,-0.3005464767762528,-0.2812880471117135,0.0,-29.79439739755465,0.0242168632123748,0.3151341251563581,0.2812880471117135,0.3005464767762529,1.0,1544.7156538043607,0.2209598621231396,0.1101266222137385,-0.110833239909401,-0.1158732294836016,-0.1057932503352003,0.0,0.2209598621231396,0.1101266222137385,-0.110833239909401,-0.1158732294836016,-0.1057932503352003,0.0,-50.046513980354256,1.0,1.0,0.0,0.0,0.0,0.0,0.0,0.7124809326629296,0.943766086666558,0.2312851540036285,0.2159159622164627,0.2466543457907943,1.0,32.589154264303346,6929.238546467049,11269.491857409726,4340.25331094268,4018.989337869517,4661.517284015844,1.0,62.80086177573285,0.0,0.0,0.0,0.0,0.0,0.0,,rollout_paths,0_to_0.8,1.0
traffic,,20,225.7996437198351,-36.97982268172239,-31.186280437797983,0.3697965295609577,-72.45769133876897,4038.92497488246,12676.296269713925,8637.371294831464,8075.285977164496,9199.456612498432,1.0,4002.9,12637.4,8634.5,8091.325491998477,9177.674508001524,1.0,227.7138313554543,415.5811327024144,11152.412063613305,10736.830930910894,10428.85120733864,11044.810654483148,1.0,3312.3843239918606,149999.32024646713,94529.84081232348,-55469.47943414366,-56361.05387664444,-54577.90499164288,0.0,38.67039402514608,7.484113587348093,-34.508640304271864,-27.8639205713241,0.0,-79.97928644283155,0.999995468309781,0.6301989387488232,-0.3697965295609577,-0.3757403591776296,-0.3638526999442859,0.0,-36.9798226817224,4.531690219070147e-06,0.3698010612511768,0.3638526999442859,0.3757403591776296,1.0,12713833.354398336,0.3487668152736584,0.0946019312315787,-0.2541648840420797,-0.2756263458234164,-0.232703422260743,0.0,0.3506674414725741,0.0946019312315787,-0.2560655102409954,-0.2782388367452351,-0.2338921837367558,0.0,-72.58022957407368,0.9952043602180108,1.0,0.004795639781989,-0.0021130484481621,0.0117043280121403,0.1,0.5037239584438391,0.4222200950500186,0.9991972130718012,0.5769771180217826,0.5353648175591929,0.6185894184843724,1.0,146.89893631279887,4038.92497488246,12676.296269713926,8637.371294831466,8075.285977164498,9199.456612498434,1.0,225.7996437198351,0.0,0.0,0.0,0.0,0.0,0.0,,rollout_paths,0_to_0.8,1.0
dual,,20,3.4581857733005563,-1.3055926690823596,-1.4020302307568602,0.0127941999046907,-5.017148725045469,4654.7692870025485,4812.5122023414215,157.74291533887055,48.02518011165297,267.46065056608813,0.65,4654.85,4817.5,162.65,51.58644245284532,273.71355754715466,0.7,3.5708184971417167,515.3829678394034,556.3598414955085,40.97687365610524,7.904251434429447,74.04949587778103,0.65,8.755201535347323,142905.42825435515,140986.2982686516,-1919.129985703608,-3803.778467645055,-34.481503762160855,0.35,30.76380715184531,29.361776921088456,-2.0779311707616634,-0.7261292907520569,0.2,-4.522447980893104,0.9527028550290344,0.939908655124344,-0.0127941999046906,-0.0253585231176336,-0.0002298766917477,0.35,-1.3055926690823558,0.0472971449709653,0.060091344875656,0.0002298766917477,0.0253585231176336,0.65,132.37975569936424,0.339327756967941,0.3208463250228008,-0.0184814319451401,-0.0341097375566781,-0.002853126333602,0.35,0.339327756967941,0.3208463250228008,-0.0184814319451401,-0.0341097375566781,-0.002853126333602,0.35,-5.017148725045469,1.0,1.0,0.0,0.0,0.0,0.0,0.0,0.4757637749903424,0.4985422187356516,0.0227784437453091,0.0061249083743907,0.0394319791162274,0.75,4.970901946744358,1117.37251924283,1178.441655437048,61.06913619421793,13.2773206926609,108.86095169577496,0.75,5.5210975677504655,3537.39676775972,3634.070546904372,96.67377914465256,17.389336451769807,175.9582218375353,0.65,2.767674295523681,rollout_paths,0.3_to_0.5,0.25
dual,,20,6.9732249290868,-2.471714227324162,-2.7723255861091607,0.0241691605823439,-6.8331727835712615,4654.7692870025485,4966.858108247727,312.0888212451771,161.48451284659836,462.6931296437558,0.85,4654.85,4985.15,330.3,178.94442430449416,481.6555756955058,0.9,7.369333269520643,515.3829678394034,608.5157189056265,93.13275106622302,50.29971182750912,135.96579030493692,0.9,20.177745298313024,142905.42825435515,139280.0541670036,-3625.374087351585,-6118.882408162706,-1131.8657665404648,0.25,30.76380715184531,27.99148156573616,-3.4403668106689387,-2.1042843615493827,0.0,-8.932054357635085,0.9527028550290344,0.9285336944466908,-0.0241691605823438,-0.0407925493877513,-0.0075457717769364,0.25,-2.471714227324161,0.0472971449709653,0.0714663055533092,0.0075457717769364,0.0407925493877513,0.75,184.87015087545288,0.339327756967941,0.312662121960325,-0.0266656350076158,-0.0463321236576857,-0.006999146357546,0.25,0.339327756967941,0.312662121960325,-0.0266656350076158,-0.0463321236576857,-0.006999146357546,0.25,-6.8331727835712615,1.0,1.0,0.0,0.0,0.0,0.0,0.0,0.4757637749903424,0.506909477842281,0.0311457028519386,0.0092249399677773,0.0530664657361,0.75,7.10773997193998,2308.97198901826,2511.106758778011,202.13476975975172,103.98193138932794,300.2876081301756,0.9,8.887926056841703,2345.7972979842903,2455.751349469716,109.9540514854254,38.40354961177451,181.5045533590763,0.85,5.072868396630853,rollout_paths,0.3_to_0.5,0.5
dual,,20,17.8560700429189,-0.9467923375899122,-4.918029426650962,0.009575341811846,-17.74674815936639,4654.7692870025485,5479.643305740418,824.8740187378698,649.1857942936828,1000.5622431820568,1.0,4654.85,5497.3,842.45,672.341800837761,1012.5581991622392,1.0,18.225744986965204,515.3829678394034,747.8001995279996,232.41723168859625,182.9614860490835,281.87297732810896,1.0,45.76167675890348,142905.42825435515,141469.12698257828,-1436.3012717769088,-3715.278026507918,842.6754829541005,0.4,30.76380715184531,25.84577772519436,-5.547107009669796,-4.288951843632129,0.0,-15.981850291438205,0.9527028550290344,0.9431275132171886,-0.009575341811846,-0.0247685201767194,0.0056178365530273,0.4,-0.9467923375899112,0.0472971449709653,0.0568724867828114,-0.0056178365530273,0.0247685201767194,0.6,113.02706316750508,0.339327756967941,0.2768988462120537,-0.0624289107558873,-0.0784026511855805,-0.046455170326194,0.0,0.339327756967941,0.2768988462120537,-0.0624289107558873,-0.0784026511855805,-0.046455170326194,0.0,-17.74674815936639,1.0,1.0,0.0,0.0,0.0,0.0,0.0,0.4757637749903424,0.5562727995682311,0.0805090245778887,0.0603165215165955,0.100701527639182,1.0,17.195966832721325,3571.332425037124,4238.821722132358,667.4892970952344,534.6638527598582,800.3147414306106,1.0,18.90537192757357,1083.4368619654265,1240.821583608062,157.38472164263553,89.42577880953624,225.3436644757348,0.85,14.671800699581286,rollout_paths,0.3_to_0.5,0.75
dual,,20,21.81817617933451,-0.7716945223483784,-5.676536441406013,0.0079972585365169,-21.52598531696282,4654.7692870025485,5663.632878138743,1008.8635911361926,901.151421279489,1116.5757609928962,1.0,4654.85,5663.1,1008.25,890.6999620594243,1125.8000379405755,1.0,21.80463567113205,515.3829678394034,813.7635257951395,298.3805579557361,250.8178504248272,345.94326548664503,1.0,58.637899775812,142905.42825435515,141705.83947387763,-1199.5887804775484,-3373.460494745462,974.282933790365,0.45,30.76380715184531,25.087270710439302,-6.173826939678214,-5.179245943133811,0.0,-18.42822273361696,0.9527028550290344,0.9447055964925176,-0.0079972585365169,-0.0224897366316364,0.0064952195586024,0.45,-0.7716945223483779,0.0472971449709653,0.0552944035074823,-0.0064952195586024,0.0224897366316364,0.55,176.13718044450306,0.339327756967941,0.2643092132245564,-0.0750185437433845,-0.0882858835490608,-0.0617512039377081,0.0,0.339327756967941,0.2643092132245564,-0.0750185437433845,-0.0882858835490608,-0.0617512039377081,0.0,-21.52598531696282,1.0,1.0,0.0,0.0,0.0,0.0,0.0,0.4757637749903424,0.5690846608619479,0.0933208858716056,0.0789609383192511,0.1076808334239601,1.0,19.8353687583952,4654.769287002549,5663.632878138744,1008.8635911361928,901.1514212794892,1116.5757609928962,1.0,21.818176179334507,0.0,0.0,0.0,0.0,0.0,0.0,,rollout_paths,0.3_to_0.5,1.0
pid,,20,2.994349276725811,-0.7565767245569263,-0.6048556473717565,0.0071190907615405,-2.1563753148003846,8116.761591849628,8355.220862861159,238.4592710115281,100.01809553715816,376.9004464858981,0.8,8102.05,8335.25,233.2,87.60997399233872,378.79002600766125,0.7,2.9283161960585256,2360.3811384109117,2592.872329639786,232.49119122887492,114.35474027387627,350.6276421838736,0.8,10.26132164252514,139074.89643125338,138007.03281702232,-1067.863614231073,-2151.529811931688,15.80258346954156,0.3,17.175637371009024,16.570781723637264,-0.8564695959590378,-0.3532416987844751,0.15,-3.481396188379631,0.9271659762083558,0.9200468854468152,-0.0071190907615405,-0.0143435320795446,0.0001053505564636,0.3,-0.7565767245569279,0.072834023791644,0.0799531145531845,-0.0001053505564635,0.0143435320795445,0.7,12.027931339024503,0.1827464112879809,0.1786522378719388,-0.004094173416042,-0.007888259128132,-0.000300087703952,0.25,0.1827464112879809,0.1786522378719388,-0.004094173416042,-0.007888259128132,-0.000300087703952,0.25,-2.1563753148003846,1.0,1.0,0.0,0.0,0.0,0.0,0.0,0.7958658063460179,0.8106769628054724,0.0148111564594544,-0.0007727172162109,0.0303950301351198,0.7,1.9150408382141575,1961.27908478598,2009.2366001212208,47.95751533524115,-10.18649911514146,106.10152978562375,0.75,2.329498258506524,6155.482507063648,6345.984262739936,190.50175567628693,87.13865996182564,293.86485139074824,0.75,3.213992144830814,rollout_paths,0.3_to_0.5,0.25
pid,,20,5.09012466249149,-2.8990463466013705,-1.281372616895213,0.0269843002368509,-5.567296893032601,8116.761591849628,8523.874248820002,407.11265697037607,244.68319574082716,569.542118199925,0.85,8102.05,8502.3,400.25,243.6665254403732,556.8334745596268,0.9,5.001710450387561,2360.3811384109117,2855.8509580661366,495.4698196552258,352.6224692065755,638.3171701038762,0.95,21.45417571289348,139074.89643125338,135027.2513957257,-4047.645035527642,-5201.703819834484,-2893.5862512208,0.05,17.175637371009024,15.894264754113811,-1.5552055399290663,-1.00753969386136,0.0,-7.413865918297157,0.9271659762083558,0.900181675971505,-0.0269843002368509,-0.0346780254655632,-0.0192905750081386,0.05,-2.8990463466013723,0.072834023791644,0.099818324028495,0.0192905750081387,0.0346780254655632,0.95,39.89051683616622,0.1827464112879809,0.1723750912892269,-0.0103713199987539,-0.0143167957215492,-0.0064258442759586,0.2,0.1827464112879809,0.1723750912892269,-0.0103713199987539,-0.0143167957215492,-0.0064258442759586,0.2,-5.567296893032601,1.0,1.0,0.0,0.0,0.0,0.0,0.0,0.7958658063460179,0.8220862665814934,0.0262204602354755,0.0097580633318069,0.0426828571391441,0.7,3.3905082791208243,4057.107375880193,4227.748035413476,170.64065953328287,69.87079558953619,271.4105234770295,0.6,4.279163573210014,4059.654215969435,4296.126213406528,236.47199743709285,138.4397927633858,334.5042021107999,0.9,5.785926184862655,rollout_paths,0.3_to_0.5,0.5
pid,,20,8.011937135438984,-4.532024425146322,-1.9625010894868915,0.042088678017512,-9.622177584663817,8116.761591849628,8758.835317400797,642.073725551169,468.00677444074574,816.1406766615922,0.95,8102.05,8733.0,630.95,452.7510478999247,809.1489521000753,0.95,7.888528657758071,2360.3811384109117,3123.7375832882863,763.3564448773756,585.9820074974721,940.7308822572792,1.0,33.07374734638064,139074.89643125338,132761.5947286266,-6313.301702626812,-7303.101122037531,-5323.502283216092,0.0,17.175637371009024,15.21313628152213,-2.3196314700533733,-1.6053707089204097,0.0,-11.342645852441034,0.9271659762083558,0.8850772981908438,-0.042088678017512,-0.0486873408135835,-0.0354900152214406,0.0,-4.532024425146324,0.072834023791644,0.1149227018091561,0.0354900152214406,0.0486873408135835,1.0,60.351302165108926,0.1827464112879809,0.1648167251765394,-0.0179296861114414,-0.0221462047848583,-0.0137131674380244,0.0,0.1827464112879809,0.1648167251765394,-0.0179296861114414,-0.0221462047848583,-0.0137131674380244,0.0,-9.622177584663817,1.0,1.0,0.0,0.0,0.0,0.0,0.0,0.7958658063460179,0.8412413170576825,0.0453755107116646,0.0286916114663139,0.0620594099570153,0.9,5.866736014271208,6232.891283510428,6695.1046640728,462.2133805623709,326.71529850230786,597.7114626224339,1.0,7.444708133759818,1883.8703083392004,2063.7306533279984,179.86034498879798,116.74333080852242,242.97735916907357,0.9,10.01110665060397,rollout_paths,0.3_to_0.5,0.75
pid,,20,10.813503613898783,-6.421183855872181,-2.630975087943128,0.0596013782093265,-13.417596226180368,8116.761591849628,8986.386030041362,869.6244381917325,694.4132761197077,1044.8356002637572,1.0,8102.05,8951.65,849.6,673.8739714073397,1025.3260285926604,1.0,10.585796181675352,2360.3811384109117,3444.6274685192284,1084.246330108317,931.137332137246,1237.3553280793878,1.0,46.60860138139994,139074.89643125338,130134.6896998544,-8940.20673139897,-9801.368257472031,-8079.045205325907,0.0,17.175637371009024,14.544662283065897,-2.882084557259184,-2.379865618627072,0.0,-15.265231441729656,0.9271659762083558,0.8675645979990294,-0.0596013782093265,-0.0653424550498136,-0.0538603013688393,0.0,-6.421183855872184,0.072834023791644,0.1324354020009705,0.0538603013688393,0.0653424550498136,1.0,85.06562627515079,0.1827464112879809,0.157942415016392,-0.0248039962715887,-0.028609081729939,-0.0209989108132385,0.0,0.1827464112879809,0.157942415016392,-0.0248039962715887,-0.028609081729939,-0.0209989108132385,0.0,-13.417596226180368,1.0,1.0,0.0,0.0,0.0,0.0,0.0,0.7958658063460179,0.8560759844153291,0.0602101780693112,0.0425343457234457,0.0778860104151767,1.0,7.749518670257378,8116.761591849628,8986.386030041362,869.6244381917328,694.413276119708,1044.8356002637574,1.0,10.813503613898789,0.0,0.0,0.0,0.0,0.0,0.0,,rollout_paths,0.3_to_0.5,1.0
traffic,,20,5.723433625954144,-5.395105993151961,-1.5607723584668372,0.0474288488256347,-8.490663845785022,8809.012338326032,9314.699749520454,505.6874111944215,415.4975115331097,595.8773108557332,1.0,8795.1,9291.5,496.4,402.7686234392716,590.0313765607284,1.0,5.628188840931349,3560.4474769050626,4566.262566377013,1005.8150894719504,883.2006948861969,1128.429484057704,1.0,31.97773002432848,127071.8202792616,119957.4929554164,-7114.327323845207,-8844.580012541144,-5384.074635149269,0.0,14.671025814255383,13.110253455788548,-1.8325920139024243,-1.2889527030312498,0.0,-10.415217082821698,0.8471454685284108,0.7997166197027761,-0.0474288488256347,-0.0589638667502743,-0.0358938309009951,0.0,-5.395105993151962,0.1528545314715892,0.200283380297224,0.0358938309009951,0.0589638667502743,1.0,84.43887372152457,0.1597227859011295,0.145618111140481,-0.0141046747606484,-0.0171593764866781,-0.0110499730346188,0.0,0.1597227859011295,0.145618111140481,-0.0141046747606484,-0.0171593764866781,-0.0110499730346188,0.0,-8.490663845785022,1.0,1.0,0.0,0.0,0.0,0.0,0.0,0.8607658412157952,0.8816149316101202,0.0208490903943249,0.0129405734113324,0.0287576073773175,0.9,2.4145930354270626,2098.0260109342,2197.4272187619017,99.40120782770236,22.44413846249121,176.35827719291353,0.7,4.658238280423477,6710.986327391831,7117.272530758552,406.28620336671946,313.97851353635747,498.5938931970815,1.0,5.903217269303097,rollout_paths,0.3_to_0.5,0.25
traffic,,20,13.103840894120648,-10.45495781355687,-3.112950343767844,0.0917228392075162,-17.50918195261732,8809.012338326032,9952.589658113227,1143.5773197871963,1006.5088901145295,1280.645749459863,1.0,8795.1,9916.95,1121.85,984.7137274075804,1258.9862725924197,1.0,12.85695290826639,3560.4474769050626,5809.491560664641,2249.044083759577,2053.111789502628,2444.976378016525,1.0,74.40720697444597,127071.8202792616,113313.39439813416,-13758.425881127445,-16496.69047137899,-11020.161290875894,0.0,14.671025814255383,11.55807547048754,-3.6833623954238983,-2.5425382921117894,0.0,-20.551072049272086,0.8471454685284108,0.7554226293208943,-0.0917228392075162,-0.1099779364758599,-0.0734677419391726,0.0,-10.454957813556865,0.1528545314715892,0.2445773706791055,0.0734677419391726,0.1099779364758599,1.0,160.3703552656812,0.1597227859011295,0.1298639924446324,-0.0298587934564971,-0.0373506620656697,-0.0223669248473245,0.0,0.1597227859011295,0.1298639924446324,-0.0298587934564971,-0.0373506620656697,-0.0223669248473245,0.0,-17.50918195261732,1.0,1.0,0.0,0.0,0.0,0.0,0.0,0.8607658412157952,0.9085518462505708,0.0477860050347755,0.0387219207543949,0.056850089315156,1.0,5.615404622319074,4365.350189692191,4955.0619845144,589.7117948222083,443.794070499754,735.6295191446626,0.95,13.703473360670497,4443.662148633841,4997.527673598829,553.8655249649885,485.3686978483008,622.3623520816761,1.0,12.400170543576136,rollout_paths,0.3_to_0.5,0.5
traffic,,20,20.334786603728425,-15.270100051071774,-4.466592710684813,0.1347653027869535,-24.40559747000091,8809.012338326032,10577.232979613496,1768.2206412874614,1632.1511958512515,1904.2900867236715,1.0,8795.1,10537.65,1742.55,1606.8897559879808,1878.210244012019,1.0,20.067645850075145,3560.4474769050626,7061.273752898774,3500.8262759937106,3300.40291228749,3701.2496396999313,1.0,118.14531201711904,127071.8202792616,106857.0248612186,-20214.795418043028,-24522.296102736836,-15907.294733349225,0.0,14.671025814255383,10.204433103570576,-5.307400896281813,-3.625784525087813,0.0,-29.255352111265967,0.8471454685284108,0.7123801657414571,-0.1347653027869534,-0.1634819740182455,-0.1060486315556614,0.0,-15.270100051071774,0.1528545314715892,0.2876198342585428,0.1060486315556614,0.1634819740182455,1.0,241.09469171741463,0.1597227859011295,0.1180419412059822,-0.0416808446951473,-0.0518301831773898,-0.0315315062129047,0.0,0.1597227859011295,0.1180419412059822,-0.0416808446951473,-0.0518301831773898,-0.0315315062129047,0.0,-24.40559747000091,1.0,1.0,0.0,0.0,0.0,0.0,0.0,0.8607658412157952,0.9275508596057552,0.0667850183899598,0.056465305408897,0.0771047313710226,1.0,7.836104633732704,6758.704437821942,8136.208392503584,1377.5039546816424,1213.2942118567817,1541.7136975065032,1.0,20.67726528315572,2050.307900504089,2441.0245871099087,390.71668660581975,341.0307138236848,440.4026593879547,1.0,19.695557797701756,rollout_paths,0.3_to_0.5,0.75
traffic,,20,29.26091960387246,-17.412469618078493,-5.463475590342743,0.1539130402050006,-29.72991254656399,8809.012338326032,11342.76718075469,2533.7548424286606,2345.765195756036,2721.7444891012856,1.0,8795.1,11320.95,2525.85,2343.2016226815404,2708.4983773184595,1.0,29.20198252022046,3560.4474769050626,8283.880444114935,4723.432967209873,4479.364204878603,4967.501729541143,1.0,161.07788391262235,127071.8202792616,103984.86424851148,-23086.956030750094,-28026.773427511573,-18147.138633988623,0.0,14.671025814255383,9.207550223912644,-6.50663671054315,-4.420314470142337,0.0,-35.713368443367166,0.8471454685284108,0.69323242832341,-0.1539130402050006,-0.1868451561834104,-0.1209809242265908,0.0,-17.412469618078497,0.1528545314715892,0.3067675716765899,0.1209809242265908,0.1868451561834105,1.0,278.5706892925999,0.1597227859011295,0.1088855832077175,-0.050837202693412,-0.0632525536830453,-0.0384218517037786,0.0,0.1597227859011295,0.1088855832077175,-0.050837202693412,-0.0632525536830453,-0.0384218517037786,0.0,-29.72991254656399,1.0,1.0,0.0,0.0,0.0,0.0,0.0,0.8607658412157952,0.964018281874118,0.1032524406583225,0.0920185154457845,0.1144863658708606,1.0,12.138011586914558,8809.012338326032,11342.767180754692,2533.754842428661,2345.7651957560365,2721.7444891012865,1.0,29.26091960387246,0.0,0.0,0.0,0.0,0.0,0.0,,rollout_paths,0.3_to_0.5,1.0
pid,,20,6.737213218154883,-7.30743373467377,-2.243628290602532,0.067818652181243,-11.277408635117078,8116.761591849628,8658.477825975348,541.7162341257183,405.8113072902409,677.6211609611958,1.0,8102.05,8638.9,536.85,397.1284820060369,676.5715179939632,0.9,6.685810596610887,2360.38113966174,3256.0186193886266,895.6374797268869,716.4049952004625,1074.8699642533113,1.0,38.49384710839232,139074.8963495996,128902.09852241314,-10172.79782718645,-11305.28256001925,-9040.31309435365,0.0,17.175637360809326,14.932009070206794,-2.546522920321496,-1.940733660883568,0.0,-13.009919297763636,0.9271659756639974,0.8593473234827543,-0.0678186521812429,-0.0753685504001283,-0.0602687539623576,0.0,-7.30743373467377,0.0728340243360026,0.1406526765172456,0.0602687539623576,0.0753685504001283,1.0,96.56182854680824,0.1827464111672082,0.1619899845484118,-0.0207564266187965,-0.0248146432258665,-0.0166982100117264,0.0,0.1827464111672082,0.1619899845484118,-0.0207564266187965,-0.0248146432258665,-0.0166982100117264,0.0,-11.277408635117078,1.0,1.0,0.0,0.0,0.0,0.0,0.0,0.7958658063460179,0.8284683214377809,0.032602515091763,0.0190633038317632,0.0461417263517627,0.85,4.16568368590779,1961.27908478598,1923.8646964680124,-37.414388317967166,-121.27556663979892,46.44679000386458,0.4,-2.7093913727706203,6155.482507063648,6734.613129507334,579.1306224436855,459.7309400809613,698.5303048064097,1.0,9.503887104427418,rollout_paths,0.3_to_0.8,0.25
pid,,20,13.78920355445283,-14.941443101204802,-4.374690446312616,0.1385631781098175,-22.513537150262877,8116.761591849628,9229.883161638876,1113.1215697892487,956.95022940306,1269.2929101754376,1.0,8102.05,9246.3,1144.25,982.345218657186,1306.154781342814,1.0,14.197176453636686,2360.38113966174,4362.769060432691,2002.3879207709529,1802.396782004434,2202.379059537472,1.0,85.47213769059384,139074.8963495996,118290.41963312696,-20784.47671647264,-21816.577448818472,-19752.375984126807,0.0,17.175637360809326,12.80094691449671,-4.629336382596893,-4.12004451002834,0.0,-25.426771446180464,0.9271659756639974,0.7886027975541798,-0.1385631781098175,-0.1454438496587898,-0.1316825065608453,0.0,-14.941443101204802,0.0728340243360026,0.2113972024458201,0.1316825065608453,0.1454438496587897,1.0,195.23942844869717,0.1827464111672082,0.1415334140603892,-0.041212997106819,-0.0446256537257389,-0.0378003404878991,0.0,0.1827464111672082,0.1415334140603892,-0.041212997106819,-0.0446256537257389,-0.0378003404878991,0.0,-22.513537150262877,1.0,1.0,0.0,0.0,0.0,0.0,0.0,0.7958658063460179,0.8652376370358089,0.069371830689791,0.0562804352091259,0.082463226170456,1.0,8.802513257056725,4057.107375880193,4352.723874865964,295.6164989857719,166.2286484880604,425.0043494834834,0.85,7.1991858428909525,4059.654215969435,4877.159286772912,817.5050708034763,708.8796983146057,926.130443292347,1.0,20.081244012793448,rollout_paths,0.3_to_0.8,0.5
pid,,20,23.66584011643948,-21.995692697739496,-6.340093611227871,0.2039499438629401,-32.26694671776314,8116.761591849628,10024.3734751567,1907.6118833070727,1612.994086483573,2202.2296801305724,1.0,8102.05,10030.7,1928.65,1635.3237224089594,2221.976277591041,1.0,23.957568387601547,2360.38113966174,6034.214288857467,3673.833149195728,3277.2425658309203,4070.423732560536,1.0,157.44461010584135,139074.8963495996,108482.40477015858,-30592.491579441023,-31969.112575532607,-29215.87058334945,0.0,17.175637360809326,10.835543749581452,-6.730295744360768,-5.949891478094975,0.0,-36.837575394267816,0.9271659756639974,0.7232160318010573,-0.2039499438629401,-0.2131274171702173,-0.1947724705556629,0.0,-21.995692697739493,0.0728340243360026,0.2767839681989427,0.1947724705556629,0.2131274171702173,1.0,286.57078460690934,0.1827464111672082,0.1234930090332486,-0.0592534021339596,-0.0641903244429366,-0.0543164798249826,0.0,0.1827464111672082,0.1234930090332486,-0.0592534021339596,-0.0641903244429366,-0.0543164798249826,0.0,-32.26694671776314,1.0,1.0,0.0,0.0,0.0,0.0,0.0,0.7958658063460179,0.9001977504908922,0.1043319441448744,0.0815990858619042,0.1270648024278446,1.0,13.327593140952017,6232.891283510428,7527.388514242431,1294.4972307320045,1034.2830511332606,1554.7114103307483,1.0,20.730691068082344,1883.8703083392004,2496.984960914269,613.1146525750684,530.5851633497749,695.6441418003618,1.0,33.3903305980497,rollout_paths,0.3_to_0.8,0.75
pid,,20,38.99944472980519,-26.12929706588709,-8.019282157230602,0.2423001008830702,-39.56811910557348,8116.761591849628,11269.491857409726,3152.730265560099,2817.269423206808,3488.1911079133897,1.0,8102.05,11242.4,3140.35,2812.4921981708726,3468.207801829127,1.0,38.91613871985651,2360.38113966174,8311.228349535555,5950.847209873816,5514.006577254737,6387.687842492895,1.0,254.0069888059408,139074.8963495996,102729.88121713907,-36345.01513246053,-37104.35821495528,-35585.67204996578,0.0,17.175637360809326,9.156355203578723,-8.331539500568958,-7.707024813892246,0.0,-46.6372500057009,0.9271659756639974,0.6848658747809271,-0.2423001008830702,-0.2473623880997018,-0.2372378136664385,0.0,-26.12929706588709,0.0728340243360026,0.3151341252190728,0.2372378136664385,0.2473623880997018,1.0,341.14985059292945,0.1827464111672082,0.1101266222024079,-0.0726197889648003,-0.0773760843594291,-0.0678634935701715,0.0,0.1827464111672082,0.1101266222024079,-0.0726197889648003,-0.0773760843594291,-0.0678634935701715,0.0,-39.56811910557348,1.0,1.0,0.0,0.0,0.0,0.0,0.0,0.7958658063460179,0.943766086666558,0.1479002803205401,0.1254948637627379,0.1703056968783422,1.0,18.84980147726304,8116.761591849628,11269.491857409726,3152.730265560099,2817.269423206808,3488.1911079133897,1.0,38.9994447298052,0.0,0.0,0.0,0.0,0.0,0.0,,rollout_paths,0.3_to_0.8,1.0
dual,,20,2.903916044337552,-13.485667098177933,-4.9486147459730985,0.1285167437335758,-12.800726170451066,4654.7692870025485,4790.886351266547,136.1170642639964,34.646109893656984,237.58801863433584,0.7,4654.85,4801.6,146.75,45.79173067950731,247.7082693204927,0.8,3.1555596795768865,515.3829672486854,832.6315830580743,317.24861580938887,274.70967774450645,359.7875538742713,1.0,64.494827160763,142905.42820693465,123627.91664689826,-19277.511560036382,-21682.28331501322,-16872.73980505955,0.0,30.763807141641887,25.815192395668788,-5.472801079233542,-4.424428412712655,0.0,-16.051772125014928,0.9527028547128978,0.8241861109793218,-0.1285167437335759,-0.1445485554334215,-0.1124849320337303,0.0,-13.485667098177933,0.0472971452871022,0.1758138890206781,0.1124849320337302,0.1445485554334215,1.0,542.1790018571395,0.339327756814025,0.295952150683881,-0.0433756061301439,-0.0552654428668952,-0.0314857693933926,0.05,0.339327756814025,0.295952150683881,-0.0433756061301439,-0.0552654428668952,-0.0314857693933926,0.05,-12.800726170451066,1.0,1.0,0.0,0.0,0.0,0.0,0.0,0.4757637749903424,0.4886880700863457,0.0129242950960033,-0.0025855888181617,0.0284341790101684,0.6,2.6181432559211286,1117.37251924283,1035.4206190260447,-81.95190021678528,-156.4729644466654,-7.430835986905137,0.25,-6.6046632412088,3537.39676775972,3755.4657322405023,218.06896448078183,152.9502689253959,283.18766003616776,1.0,6.114899246414846,rollout_paths,0.3_to_0.8,0.25
dual,,20,18.766096314639785,-23.265430950685733,-10.871084243254998,0.2215322142970338,-31.17688826793212,4654.7692870025485,5531.277730030782,876.5084430282316,627.2094498577108,1125.8074361987524,1.0,4654.85,5542.65,887.8,646.0955396631757,1129.5044603368242,1.0,19.025688167111383,515.3829672486854,1364.901029515587,849.5180622669013,748.3088057117361,950.7273188220664,1.0,168.58347906149592,142905.42820693465,109675.59606237958,-33229.832144555054,-36706.80347389892,-29752.860815211192,0.0,30.763807141641887,19.89272289838689,-11.399889083318037,-10.34227940319196,0.0,-35.3337057422811,0.9527028547128978,0.7311706404158639,-0.2215322142970337,-0.2447120231593261,-0.1983524054347413,0.0,-23.265430950685737,0.0472971452871022,0.268829359584136,0.1983524054347413,0.2447120231593262,1.0,815.8981476137449,0.339327756814025,0.2326791951611604,-0.1066485616528645,-0.1207833593957829,-0.0925137639099461,0.0,0.339327756814025,0.2326791951611604,-0.1066485616528645,-0.1207833593957829,-0.0925137639099461,0.0,-31.17688826793212,1.0,1.0,0.0,0.0,0.0,0.0,0.0,0.4757637749903424,0.5416202129405159,0.0658564379501734,0.0398947670572887,0.091818108843058,0.9,13.771657981251003,2308.97198901826,2669.7722677898137,360.80027877155504,154.14149042801273,567.4590671150974,0.7,15.462805773955186,2345.7972979842903,2861.5054622409675,515.7081642566766,416.90001546680185,614.5163130465513,1.0,22.082422108913036,rollout_paths,0.3_to_0.8,0.5
dual,,20,50.55065669593446,-24.826439898512284,-15.374234351527022,0.2368146770137356,-47.04427513345499,4654.7692870025485,7001.176967804233,2346.4076808016825,2046.2077647246372,2646.607596878728,1.0,4654.85,7005.65,2350.8,2042.0668496411483,2659.5331503588523,1.0,50.63986215096791,515.3829672486854,2398.4030431443216,1883.020075895636,1696.3719146234894,2069.668237167782,1.0,371.7780403918776,142905.42820693465,107383.2266548743,-35522.201552060345,-39660.0994167352,-31384.303687385487,0.0,30.763807141641887,15.389572790114867,-15.815562964513145,-14.9329057385409,0.0,-49.97630807813889,0.9527028547128978,0.715888177699162,-0.2368146770137356,-0.2644006627782347,-0.2092286912492366,0.0,-24.826439898512287,0.0472971452871022,0.284111822300838,0.2092286912492366,0.2644006627782347,1.0,942.0227389780948,0.339327756814025,0.1780697091002655,-0.1612580477137594,-0.1789051587179833,-0.1436109367095355,0.0,0.339327756814025,0.1780697091002655,-0.1612580477137594,-0.1789051587179833,-0.1436109367095355,0.0,-47.04427513345499,1.0,1.0,0.0,0.0,0.0,0.0,0.0,0.4757637749903424,0.6618806588142205,0.1861168838238782,0.1541461137085046,0.2180876539392519,1.0,39.34345316649295,3571.332425037124,5404.936383891998,1833.603958854875,1559.9508853120851,2107.2570323976647,1.0,51.65749398587336,1083.4368619654265,1596.2405839122343,512.803721946808,410.0943392743538,615.5131046192621,1.0,47.25617290825844,rollout_paths,0.3_to_0.8,0.75
dual,,20,100.79058149161236,-17.871413242708407,-18.12840036495512,0.1708269651919454,-57.68514078395155,4654.7692870025485,9317.110210710049,4662.340923707497,4512.532628031187,4812.149219383806,1.0,4654.85,9283.85,4629.0,4478.1978825311135,4779.802117468887,1.0,100.08198792581554,515.3829672486854,4113.968894309187,3598.585927060501,3495.120439935018,3702.051414185984,1.0,726.5597757563463,142905.42820693465,117281.38342814284,-25624.044778791816,-27698.00377962412,-23550.08577795952,0.0,30.763807141641887,12.635406776686771,-18.66484348769471,-17.59195724221553,0.0,-58.875183877220366,0.9527028547128978,0.7818758895209522,-0.1708269651919454,-0.1846533585308274,-0.1570005718530634,0.0,-17.871413242708407,0.0472971452871022,0.2181241104790477,0.1570005718530635,0.1846533585308274,1.0,831.3073197548925,0.339327756814025,0.1417255729376906,-0.1976021838763343,-0.2164545963913195,-0.1787497713613492,0.0,0.339327756814025,0.1417255729376906,-0.1976021838763343,-0.2164545963913195,-0.1787497713613492,0.0,-57.68514078395155,1.0,1.0,0.0,0.0,0.0,0.0,0.0,0.4757637749903424,0.845344708705643,0.3695809337153005,0.3525079081239678,0.3866539593066331,1.0,78.56717093626125,4654.769287002549,9317.110210710049,4662.340923707497,4512.532628031187,4812.149219383806,1.0,100.79058149161236,0.0,0.0,0.0,0.0,0.0,0.0,,rollout_paths,0.3_to_0.8,1.0
traffic,,20,6.663427513947322,-9.735069152382604,-2.308964743856941,0.0858560814936609,-11.9937097429867,8809.650567083228,9394.295008717912,584.6444416346837,457.4702100590088,711.8186732103587,1.0,8795.45,9362.65,567.2,438.1936307341554,696.2063692658446,1.0,6.470055713276485,3560.433513398224,5042.293515879157,1481.860002480934,1262.3898051438368,1701.330199818031,1.0,49.5664450741272,127079.09387135303,114200.68164730386,-12878.41222404915,-15872.274857897277,-9884.549590201024,0.0,14.671170192023746,12.362205448166808,-2.799643187147634,-1.818286300566248,0.0,-15.144439208615871,0.8471939591423535,0.7613378776486925,-0.0858560814936609,-0.1058151657193151,-0.0658969972680067,0.0,-9.735069152382598,0.1528060408576464,0.2386621223513074,0.0658969972680067,0.1058151657193151,1.0,154.7298068745661,0.1597171160125176,0.1394780025711975,-0.0202391134413201,-0.0258169323444805,-0.0146612945381596,0.0,0.1597171160125176,0.1394780025711975,-0.0202391134413201,-0.0258169323444805,-0.0146612945381596,0.0,-11.9937097429867,1.0,1.0,0.0,0.0,0.0,0.0,0.0,0.8608813969935841,0.8765392892873312,0.015657892293747,0.0073184577440876,0.0239973268434063,0.75,1.813532931993021,2098.2084314759622,2054.4854491090077,-43.72298236695455,-141.1730080213993,53.72704328749023,0.5,-2.203038601908873,6711.442135607265,7339.809559608902,628.3674240016387,533.6924677841391,723.0423802191383,1.0,9.298160812169964,rollout_paths,0.3_to_0.8,0.25
traffic,,20,17.878259976217972,-17.591714574080022,-4.559915374023354,0.1553963590588869,-24.894145473324848,8809.650567083228,10358.971841179684,1549.321274096456,1349.5814660185174,1749.0610821743949,1.0,8795.45,10326.85,1531.4,1336.528841291533,1726.2711587084675,1.0,17.674225110630324,3560.433513398224,7114.17078534463,3553.737271946406,3176.406851210585,3931.0676926822266,1.0,122.9973211651098,127079.09387135303,103769.64001252,-23309.45385883304,-28370.429708742875,-18248.478008923204,0.0,14.671170192023746,10.111254818000392,-5.49197119695592,-3.627859551090787,0.0,-29.69569976547184,0.8471939591423535,0.6917976000834666,-0.1553963590588869,-0.1891361980582858,-0.121656520059488,0.0,-17.59171457408002,0.1528060408576464,0.3082023999165333,0.121656520059488,0.1891361980582858,1.0,279.9863988951273,0.1597171160125176,0.1169159549326752,-0.0428011610798423,-0.0538750395418231,-0.0317272826178615,0.0,0.1597171160125176,0.1169159549326752,-0.0428011610798423,-0.0538750395418231,-0.0317272826178615,0.0,-24.894145473324848,1.0,1.0,0.0,0.0,0.0,0.0,0.0,0.8608813969935841,0.9117578571727456,0.0508764601791613,0.0384167560068223,0.0633361643515003,1.0,5.991355869471262,4365.687597984166,5051.491242333315,685.8036443491494,443.1183273939743,928.4889613043246,0.95,16.1725197236694,4443.9629690990605,5307.480598846368,863.5176297473072,764.5232519529754,962.5120075416388,1.0,19.36375680397618,rollout_paths,0.3_to_0.8,0.5
traffic,,20,30.678273176940667,-22.60197434155348,-6.164175120435197,0.1996691288756606,-33.06266993090368,8809.650567083228,11448.547495741408,2638.8969286581805,2304.758581466925,2973.0352758494355,1.0,8795.45,11424.9,2629.45,2300.267764493497,2958.632235506502,1.0,30.61083295948372,3560.433513398224,9186.796794282294,5626.36328088407,5032.488251723884,6220.238310044257,1.0,198.8466203573607,127079.09387135303,97128.72454000394,-29950.369331349088,-36379.62624234194,-23521.11242035624,0.0,14.671170192023746,8.50699507158855,-7.4440968554199,-4.884253385450494,0.0,-40.00087666534777,0.8471939591423535,0.6475248302666928,-0.1996691288756605,-0.2425308416156129,-0.1568074161357082,0.0,-22.60197434155348,0.1528060408576464,0.352475169733307,0.1568074161357082,0.2425308416156129,1.0,359.75757786990727,0.1597171160125176,0.1029141550846183,-0.0568029609278992,-0.07119175756024,-0.0424141642955585,0.0,0.1597171160125176,0.1029141550846183,-0.0568029609278992,-0.07119175756024,-0.0424141642955585,0.0,-33.06266993090368,1.0,1.0,0.0,0.0,0.0,0.0,0.0,0.8608813969935841,0.9507894629005228,0.0899080659069384,0.0747171941165373,0.1050989376973396,1.0,10.60663819151684,6759.270909302756,8768.290212258287,2009.0193029555328,1655.653223469197,2362.385382441869,1.0,30.575883502677897,2050.3796577804706,2680.2572834831194,629.8776257026489,563.9897794038701,695.7654720014276,1.0,31.57697570542369,rollout_paths,0.3_to_0.8,0.75
traffic,,20,45.11823268979689,-24.527876424828985,-7.187084593277573,0.216995047010286,-37.99185874087176,8809.650567083228,12676.296002980636,3866.645435897408,3325.7732615917503,4407.5176102030655,1.0,8795.45,12637.45,3842.0,3318.0557019734088,4365.944298026591,1.0,44.87745632054752,3560.433513398224,11152.45989285986,7592.026379461635,6734.494800017745,8449.557958905525,1.0,271.3663325705443,127079.09387135303,94529.83681981014,-32549.257051542896,-39589.35767171653,-25509.156431369265,0.0,14.671170192023746,7.484085598746174,-8.6659983957064,-5.708170790848747,0.0,-46.65633158523097,0.8471939591423535,0.6301989121320676,-0.216995047010286,-0.2639290511447769,-0.1700610428757951,0.0,-24.52787642482898,0.1528060408576464,0.3698010878679324,0.1700610428757951,0.2639290511447769,1.0,394.7927105767081,0.1597171160125176,0.0946019272390157,-0.0651151887735019,-0.0812658018491626,-0.0489645756978411,0.0,0.1597171160125176,0.0946019272390157,-0.0651151887735019,-0.0812658018491626,-0.0489645756978411,0.0,-37.99185874087176,1.0,1.0,0.0,0.0,0.0,0.0,0.0,0.8608813969935841,0.9991972130718012,0.1383158160782171,0.1185980388993589,0.1580335932570753,1.0,16.32703557214655,8809.650567083228,12676.296002980636,3866.645435897409,3325.773261591751,4407.517610203066,1.0,45.11823268979689,0.0,0.0,0.0,0.0,0.0,0.0,,rollout_paths,0.3_to_0.8,1.0
