model,reference,budget_multiplier,opportunity_supply,value_delta,cpa_delta,underdelivery_delta_pp,seed_hash_cells,positive_cell_share
cql,dual,0.5,2000,329.00831598013474,-2.895873887311875,18.493056040624833,12,1.0
cql,dual,0.5,500,-304.57311593580954,-3.048081864352827,18.342334050382576,12,0.0
cql,dual,0.5,8000,1495.5647122006114,-3.285160632417752,6.431667863942011,12,1.0
cql,dual,0.5,full,1774.5370136934034,-3.2491565687357173,1.5095538355296385,4,1.0
cql,dual,1.0,2000,-506.2948330533574,-3.1943444302338335,23.77691036518851,12,0.0
cql,dual,1.0,500,-463.4994847428243,-2.9894236533442036,11.899783463962066,12,0.0
cql,dual,1.0,8000,2028.1295496605644,-2.9608010283612516,10.459354698340258,12,1.0
cql,dual,1.0,full,2416.0064865700933,-2.8323790204539456,5.760392555393372,4,1.0
cql,dual,1.5,2000,-1343.9066579922974,-3.3710099264419138,24.16493238639883,12,0.0
cql,dual,1.5,500,-489.6969774783852,-2.873954565882739,8.434095075960874,12,0.0
cql,dual,1.5,8000,2492.01165640722,-3.14797902843382,13.918596656610601,12,1.0
cql,dual,1.5,full,3510.7313006842487,-2.7977259445034965,7.6131118075275594,4,1.0
cql,pid,0.5,2000,-606.0479286212743,-2.391597341222212,26.689827628110123,12,0.0
cql,pid,0.5,500,-362.11235154316256,-2.1949479624474555,14.51273792915503,12,0.0
cql,pid,0.5,8000,1167.3182557207456,-2.9473078750320636,15.913962631213536,12,1.0
cql,pid,0.5,full,2107.4214051947724,-3.072846006328936,6.515495944439983,4,1.0
cql,pid,1.0,2000,-1449.0070582467604,-2.576105890314505,25.60197633291163,12,0.0
cql,pid,1.0,500,-340.06555394845105,-2.1295760250739484,8.028790421004507,12,0.0
cql,pid,1.0,8000,1284.4222252818688,-2.745432979084276,18.45399128882341,12,1.0
cql,pid,1.0,full,4765.87056252213,-3.7834254453729703,8.011917167134616,4,1.0
cql,pid,1.5,2000,-1875.627533332424,-2.6771774707864187,21.97087642056348,12,0.0
cql,pid,1.5,500,-302.1726753796505,-1.9881847533877481,5.264157074876944,12,0.0
cql,pid,1.5,8000,507.043871402471,-2.5693901263824106,20.49782107271493,12,1.0
cql,pid,1.5,full,5946.312017485951,-3.580818023519041,9.43286384987334,4,1.0
cql,traffic_aware,0.5,2000,313.40722773694307,-4.055924035562057,27.82451127060814,12,1.0
cql,traffic_aware,0.5,500,-445.322243071387,-4.198669457772336,27.07251275226059,12,0.0
cql,traffic_aware,0.5,8000,2653.659571938146,-6.5484973962127215,27.87569784817713,12,1.0
cql,traffic_aware,0.5,full,4360.264069447951,-6.89528320838288,14.13015398554138,4,1.0
cql,traffic_aware,1.0,2000,-1030.285893136828,-4.468150436369444,36.334934245472574,12,0.0
cql,traffic_aware,1.0,500,-621.0437388421611,-4.263033022597689,17.705961215964127,12,0.0
cql,traffic_aware,1.0,8000,3872.982190417164,-5.77916974946594,24.838625240078404,12,1.0
cql,traffic_aware,1.0,full,7475.68749781041,-6.6054446926699,13.75066849639464,4,1.0
cql,traffic_aware,1.5,2000,-1653.838958631178,-4.788814959491332,33.987967122853235,12,0.0
cql,traffic_aware,1.5,500,-622.1731506850169,-4.160536931141272,12.348953513045762,12,0.0
cql,traffic_aware,1.5,8000,3526.4568431745424,-5.099812602720578,25.818800933644766,12,1.0
cql,traffic_aware,1.5,full,9245.469928521194,-6.088408635402969,13.823094444645374,4,1.0
