ad_exchange,paying_price,count,proportion
1,0,1.0,2.1496315531517897e-07
1,1,9575.0,0.0020582722121428388
1,2,11638.0,0.002501741201558053
1,3,4353.0,0.0009357346150869741
1,4,21257.0,0.0045694717925347595
1,5,10800.0,0.002321602077403933
1,6,6207.0,0.001334276305041316
1,7,13965.0,0.0030019604639764746
1,8,18112.0,0.0038934126690685217
1,9,17352.0,0.0037300406710289854
1,10,22739.0,0.004888047188711855
1,11,35051.0,0.007534673556952338
1,12,26950.0,0.005793257035744073
1,13,26278.0,0.005648801795372273
1,14,41339.0,0.008886361877574184
1,15,35592.0,0.0076509686239778505
1,16,50520.0,0.010859938606522842
1,17,86041.0,0.018495644846473314
1,18,41978.0,0.009023723333820583
1,19,43629.0,0.009378627503245944
1,20,41580.0,0.008938167998005142
1,21,44968.0,0.009666463168212968
1,22,31678.0,0.00680960283407424
1,23,34723.0,0.00746416564200896
1,24,43979.0,0.009453864607606256
1,25,38569.0,0.008290913937351138
1,26,23446.0,0.005040026139519686
1,27,30533.0,0.00656347002123836
1,28,23660.0,0.005086028254757135
1,29,28974.0,0.006228342462101996
1,30,22570.0,0.004851718415463589
1,31,46170.0,0.009924848880901813
1,32,21631.0,0.004649868012622636
1,33,20196.0,0.004341395884745355
1,34,43477.0,0.009345953103638036
1,35,16332.0,0.003510778252607503
1,36,31434.0,0.006757151824177336
1,37,35740.0,0.007682783170964496
1,38,28545.0,0.006136123268471784
1,39,13440.0,0.0028891048074360056
1,40,23343.0,0.005017884934522223
1,41,27524.0,0.005916645886894986
1,42,18438.0,0.00396349065770127
1,43,23226.0,0.004992734245350347
1,44,13952.0,0.002999165942957377
1,45,16970.0,0.0036479247456985874
1,46,26501.0,0.005696738579007558
1,47,23625.0,0.005078504544321103
1,48,19597.0,0.004212632954711562
1,49,23472.0,0.005045615181557881
1,50,20747.0,0.004459840583324018
1,51,93722.0,0.020146776842449206
1,52,24384.0,0.005241661579205324
1,53,29322.0,0.006303149640151678
1,54,13554.0,0.0029136106071419358
1,55,24889.0,0.00535021797263949
1,56,25371.0,0.005453830213501406
1,57,49911.0,0.010729026044935898
1,58,20233.0,0.004349349521492016
1,59,17917.0,0.0038514948537820616
1,60,57754.0,0.012414982072072847
1,61,67944.0,0.01460545662473452
1,62,23386.0,0.005027128350200776
1,63,27687.0,0.0059516848812113604
1,64,33235.0,0.007144300466899974
1,65,26383.0,0.005671372926680367
1,66,17292.0,0.003717142881710075
1,67,42512.0,0.009138513658758889
1,68,31620.0,0.006797134971065959
1,69,18108.0,0.003892552816447261
1,70,20496.0,0.004405884831339908
1,71,39127.0,0.008410863378017008
1,72,9609.0,0.002065580959423555
1,73,26378.0,0.005670298110903791
1,74,30664.0,0.006591630194584648
1,75,18851.0,0.0040522704408464385
1,76,112368.0,0.024154979836456033
1,77,13457.0,0.0028927591810763635
1,78,24448.0,0.005255419221145496
1,79,14286.0,0.003070963636832647
1,80,9917.0,0.00213178961126063
1,81,33838.0,0.007273923249555027
1,82,22126.0,0.00475627477450365
1,83,18830.0,0.00404775621458482
1,84,11796.0,0.0025357053800978513
1,85,36410.0,0.007826808485025667
1,86,16554.0,0.0035585000730874727
1,87,18988.0,0.004081720393124618
1,88,14722.0,0.003164687572550065
1,89,105801.0,0.02274331679550125
1,90,10465.0,0.002249589420373348
1,91,44073.0,0.009474071144205884
1,92,10370.0,0.002229167920618406
1,93,18470.0,0.003970369478671356
1,94,14261.0,0.0030655895579497676
1,95,53952.0,0.011597692155564537
1,96,17801.0,0.003826559127765501
1,97,17952.0,0.003859018564218093
1,98,3805.0,0.0008179348059742561
1,99,10961.0,0.002356211145409677
1,100,31391.0,0.006747908408498783
1,101,93487.0,0.020096260500950137
1,102,14041.0,0.003018297663780428
1,103,19549.0,0.0042023147232564334
1,104,10946.0,0.002352986698079949
1,105,8735.0,0.0018777031616780883
1,106,15446.0,0.0033203208969982546
1,107,17259.0,0.003710049097584674
1,108,27997.0,0.0060183234593590654
1,109,21954.0,0.004719301111789439
1,110,13138.0,0.0028241859345308215
1,111,12895.0,0.002771949887789233
1,112,10717.0,0.002303760135512773
1,113,21180.0,0.004552919629575491
1,114,13389.0,0.002878141686514931
1,115,13356.0,0.0028710479023895306
1,116,7314.0,0.001572240517975219
1,117,12854.0,0.0027631363984213105
1,118,8614.0,0.0018516926198849518
1,119,57826.0,0.01243045941925554
1,120,8473.0,0.0018213828149855114
1,121,36352.0,0.007814340622017387
1,122,10110.0,0.0021732775002364594
1,123,13814.0,0.0029695010275238823
1,124,19739.0,0.004243157722766318
1,125,3579.0,0.0007693531328730256
1,126,11946.0,0.002567949853395128
1,127,37740.0,0.008112709481594855
1,128,18243.0,0.00392157284241481
1,129,9300.0,0.0019991573444311647
1,130,14041.0,0.003018297663780428
1,131,9887.0,0.0021253407166011745
1,132,12804.0,0.0027523882406555516
1,133,11024.0,0.002369753824194533
1,134,6873.0,0.0014774417664812252
1,135,9528.0,0.0020481689438430254
1,136,13433.0,0.002887600065348799
1,137,15403.0,0.003311077481319702
1,138,4035.0,0.0008673763316967472
1,139,13390.0,0.0028783566496702467
1,140,8168.0,0.0017558190526143819
1,141,7908.0,0.0016999286322324353
1,142,17382.0,0.003736489565688441
1,143,8174.0,0.0017571088315462729
1,144,9962.0,0.002141462953249813
1,145,5669.0,0.0012186261274817495
1,146,14136.0,0.00303871916353537
1,147,8004.0,0.0017205650951426926
1,148,7322.0,0.0015739602232177404
1,149,10170.0,0.0021861752895553704
1,150,7333.0,0.0015763248179262075
1,151,42783.0,0.009196768673849302
1,152,9126.0,0.0019617537554063235
1,153,11160.0,0.0023989888133173973
1,154,10415.0,0.002238841262607589
1,155,7736.0,0.0016629549695182245
1,156,6772.0,0.001455730487794392
1,157,8823.0,0.001896619919345824
1,158,3326.0,0.0007149674545782853
1,159,6821.0,0.0014662636824048357
1,160,9418.0,0.0020245229967583555
1,161,9482.0,0.002038280638698527
1,162,4521.0,0.0009718484251799241
1,163,9896.0,0.002127275384999011
1,164,3394.0,0.0007295849491397175
1,165,5791.0,0.0012448516324302015
1,166,9340.0,0.0020077558706437714
1,167,20941.0,0.004501543435455163
1,168,5323.0,0.0011442488757426976
1,169,11850.0,0.002547313390484871
1,170,6280.0,0.0013499686153793239
1,171,6173.0,0.0013269675577606
1,172,9158.0,0.001968632576376409
1,173,5448.0,0.001171119270157095
1,174,6309.0,0.0013562025468834642
1,175,8471.0,0.0018209528886748811
1,176,5270.0,0.0011328558285109932
1,177,27430.0,0.005896439350295359
1,178,4869.0,0.0010466556032296065
1,179,6541.0,0.0014060739989165856
1,180,4412.0,0.0009484174412505696
1,181,10678.0,0.002295376572455481
1,182,6207.0,0.001334276305041316
1,183,5596.0,0.0012029338171437416
1,184,4796.0,0.0010309632928915983
1,185,6933.0,0.0014903395558001358
1,186,5051.0,0.001085778897496969
1,187,6726.0,0.0014458421826498938
1,188,5388.0,0.0011582214808381842
1,189,6022.0,0.001294508121308008
1,190,4989.0,0.001072451181867428
1,191,9531.0,0.002048813833308971
1,192,8771.0,0.0018854418352694349
1,193,6984.0,0.00150130267672121
1,194,4022.0,0.0008645818106776498
1,195,6166.0,0.0013254628156733935
1,196,7636.0,0.0016414586539867067
1,197,1893.0,0.0004069252530116338
1,198,3392.0,0.0007291550228290871
1,199,7366.0,0.0015834186020516083
1,200,3665.0,0.000787839964230131
1,201,85150.0,0.01830411267508749
1,202,8905.0,0.0019142468980816688
1,203,6288.0,0.0013516883206218455
1,204,3351.0,0.0007203415334611648
1,205,6011.0,0.0012921435265995408
1,206,5824.0,0.0012519454165556023
1,207,5301.0,0.0011395196863257637
1,208,5653.0,0.0012151867169967068
1,209,8980.0,0.0019303691347303071
1,210,5403.0,0.001161445928167912
1,211,6172.0,0.0013267525946052846
1,212,3330.0,0.000715827307199546
1,213,14287.0,0.003071178599987962
1,214,7226.0,0.0015533237603074833
1,215,9957.0,0.0021403881374732372
1,216,6677.0,0.0014353089880394501
1,217,5012.0,0.001077395334439677
1,218,4567.0,0.0009817367303244224
1,219,4681.0,0.0010062425300303528
1,220,9557.0,0.0020544028753471653
1,221,7513.0,0.0016150181858829396
1,222,4413.0,0.0009486324044058848
1,223,4361.0,0.0009374543203294956
1,224,1709.0,0.0003673720324336409
1,225,20689.0,0.004447372720315738
1,226,21873.0,0.00470188909620891
1,227,7512.0,0.0016148032227276245
1,228,6743.0,0.001449496556290252
1,229,4652.0,0.0010000085985262127
1,230,1819.0,0.00039101797951831055
1,231,5789.0,0.0012444217061195711
1,232,5115.0,0.0010995365394371405
1,233,11233.0,0.0024146811236554055
1,234,4874.0,0.0010477304190061824
1,235,4715.0,0.001013551277311069
1,236,41869.0,0.009000292349891229
1,237,3536.0,0.0007601097171944729
1,238,5300.0,0.0011393047231704485
1,239,3863.0,0.0008304026689825364
1,240,2624.0,0.0005640633195470296
1,241,10929.0,0.002349332324439591
1,242,2755.0,0.0005922234928933181
1,243,3469.0,0.0007457071857883559
1,244,2987.0,0.0006420949449264396
1,245,3152.0,0.0006775638655534442
1,246,3757.0,0.0008076165745191274
1,247,3867.0,0.0008312625216037971
1,248,11100.0,0.0023860910239984867
1,249,3017.0,0.000648543839585895
1,250,2114.0,0.00045443211033628834
1,251,7636.0,0.0016414586539867067
1,252,4346.0,0.0009342298729997678
1,253,8704.0,0.0018710393038633179
1,254,4103.0,0.0008819938262581794
1,255,5774.0,0.0012411972587898434
1,256,4158.0,0.0008938167998005142
1,257,2678.0,0.0005756713299340493
1,258,3432.0,0.0007377535490416942
1,259,5006.0,0.001076105555507786
1,260,10827.0,0.002327406082597443
1,261,6145.0,0.0013209485894117748
1,262,5863.0,0.0012603289796128943
1,263,2115.0,0.00045464707349160356
1,264,3615.0,0.000777091806464372
1,265,5313.0,0.001142099244189546
1,266,5804.0,0.0012476461534492989
1,267,4101.0,0.000881563899947549
1,268,1899.0,0.0004082150319435249
1,269,1284.0,0.0002760126914246898
1,270,1665.0,0.000357913653599773
1,271,3277.0,0.0007044342599678415
1,272,1609.0,0.000345875716902123
1,273,1238.0,0.00026612438628019155
1,274,2465.0,0.0005298841778519161
1,275,1083.0,0.00023280509720633884
1,276,1122.0,0.0002411886602636308
1,277,1714.0,0.0003684468482102168
1,278,1190.0,0.000255806154825063
1,279,918.0,0.0001973361765793343
1,280,1464.0,0.000314706059381422
1,281,26617.0,0.005721674305024119
1,282,1260.0,0.0002708535756971255
1,283,2677.0,0.0005754563667787341
1,284,1311.0,0.00028181669661819965
1,285,1240.0,0.00026655431259082194
1,286,4273.0,0.0009185375626617598
1,287,1393.0,0.0002994436753540443
1,288,895.0,0.0001923920240070852
1,289,2446.0,0.0005257998779009278
1,290,1104.0,0.0002373193234679576
1,291,1214.0,0.0002609652705526273
1,292,1458.0,0.00031341628044953096
1,293,2562.0,0.0005507356039174885
1,294,786.0,0.00016896104007773068
1,295,1453.0,0.00031234146467295506
1,296,714.0,0.00015348369289503778
1,297,617.0,0.00013263226682946544
1,298,745.0,0.00016014755070980835
1,299,838.0,0.00018013912415411999
1,300,4590.0,0.0009866808828966715
2,0,33.0,6.882065587336332e-06
2,4,42990.0,0.008965454533320876
2,5,253340.0,0.05283340896653898
2,6,46306.0,0.009656997851127157
2,7,56170.0,0.011714109819414599
2,8,39594.0,0.008257227420151355
2,9,43640.0,0.009101010370647198
2,10,59434.0,0.012394808670234774
2,11,49466.0,0.010316007767975121
2,12,53209.0,0.011096600843532693
2,13,44938.0,0.00937170495041576
2,14,30904.0,0.006444950148819455
2,15,34067.0,0.00710458570799354
2,16,53717.0,0.011202542944089264
2,17,26454.0,0.005516914031739252
2,18,62886.0,0.013114714440158564
2,19,27494.0,0.005733803371461367
2,20,61917.0,0.012912631968821323
2,21,44926.0,0.009369202381111275
2,22,57494.0,0.011990226632676215
2,23,30236.0,0.006305640457536404
2,24,34841.0,0.007266001428132883
2,25,36426.0,0.007596549123767067
2,26,19502.0,0.0040670922146737315
2,27,32510.0,0.0067798773407364895
2,28,31290.0,0.006525449461447085
2,29,18466.0,0.003851037064719779
2,30,59964.0,0.012505338814516237
2,31,32311.0,0.006738376399770431
2,32,54193.0,0.011301811526500541
2,33,50035.0,0.010434671262496163
2,34,37234.0,0.007765055456935788
2,35,13736.0,0.002864607663868238
2,36,41954.0,0.008749399383366923
2,37,15585.0,0.003250211884201113
2,38,44820.0,0.009347096352254981
2,39,25940.0,0.0054097206465304375
2,40,78300.0,0.016329264711770753
2,41,34899.0,0.007278097179771232
2,42,60317.0,0.012578956061556531
2,43,22900.0,0.004775736422727333
2,44,66435.0,0.01385484931196028
2,45,63873.0,0.013320550765452532
2,46,25099.0,0.005234332247774381
2,47,58236.0,0.01214496883467026
2,48,24986.0,0.005210766386823806
2,49,66251.0,0.013816476582624828
2,50,40518.0,0.008449925256596772
2,51,23047.0,0.004806392896707286
2,52,64702.0,0.013493436594904101
2,53,15525.0,0.0032376990376786837
2,54,24959.0,0.005205135605888712
2,55,24380.0,0.0050843866369472655
2,56,38860.0,0.008104153597693632
2,57,13376.0,0.00278953058473366
2,58,40860.0,0.008521248481774622
2,59,77139.0,0.016087141131561736
2,60,46635.0,0.00972560995955848
2,61,12020.0,0.002506740253326749
2,62,18170.0,0.0037893070218757924
2,63,40836.0,0.00851624334316565
2,64,34759.0,0.0072489005378855624
2,65,16311.0,0.0034016173271225122
2,66,60816.0,0.012683021235134739
2,67,47748.0,0.009957723262549551
2,68,22825.0,0.004760095364574296
2,69,23043.0,0.004805558706939124
2,70,19128.0,0.003989095471350587
2,71,11936.0,0.002489222268195347
2,72,27897.0,0.005817847990603687
2,73,13093.0,0.0027305116586362
2,74,17242.0,0.003595774995662213
2,75,23684.0,0.004939237617287082
2,76,18860.0,0.003933204756883734
2,77,14265.0,0.0029749292607076597
2,78,15212.0,0.0031724236883200084
2,79,13202.0,0.0027532433298186137
2,80,17885.0,0.0037298710008942513
2,81,16483.0,0.0034374874871534776
2,82,12347.0,0.0025749352668739908
2,83,13561.0,0.0028281118615111514
2,84,12453.0,0.002597041295730283
2,85,17223.0,0.003591812594263444
2,86,24446.0,0.0050981507681219385
2,87,11248.0,0.002345741628071487
2,88,10643.0,0.002219570425636987
2,89,8361.0,0.001743665162900578
2,90,22744.0,0.004743203021769016
2,91,10630.0,0.002216859308890461
2,92,14403.0,0.0030037088077092483
2,93,8049.0,0.0016785983609839436
2,94,17173.0,0.003581385222161419
2,95,10130.0,0.0021125855878702136
2,96,14573.0,0.0030391618728561323
2,97,7408.0,0.0015449194506359863
2,98,6987.0,0.001457120977536938
2,99,8918.0,0.0018598260881171336
2,100,46010.0,0.00959526780828317
2,101,12839.0,0.002677540608357914
2,102,9171.0,0.001912588590953379
2,103,18299.0,0.0038162096418990162
2,104,7548.0,0.0015741160925216557
2,105,8516.0,0.0017759900164168547
2,106,11431.0,0.002383905809964897
2,107,10582.0,0.002206849031672517
2,108,10227.0,0.0021328146897481412
2,109,7076.0,0.001475681699878542
2,110,11116.0,0.0023182133657221413
2,111,14911.0,0.0031096509082658196
2,112,26724.0,0.005573221841090186
2,113,7068.0,0.001474013320342218
2,114,8880.0,0.0018519012853195948
2,115,15875.0,0.0033106906423928566
2,116,5230.0,0.0010907031218717884
2,117,7402.0,0.0015436681659837432
2,118,17693.0,0.0036898298920224762
2,119,6072.0,0.0012663000680698852
2,120,12872.0,0.0026844226739452504
2,121,7867.0,0.0016406427265325734
2,122,9354.0,0.0019507527728467894
2,123,7805.0,0.0016277127851260628
2,124,15273.0,0.0031851450822844786
2,125,8513.0,0.0017753643740907332
2,126,22844.0,0.004764057765973066
2,127,5739.0,0.0011968537698704002
2,128,8980.0,0.0018727560295236443
2,129,7308.0,0.0015240647064319367
2,130,8335.0,0.001738242929407525
2,131,5323.0,0.0011100980339815545
2,132,15865.0,0.0033086051679724515
2,133,36106.0,0.007529813942314109
2,134,3294.0,0.0006869552740813902
2,135,10452.0,0.002179737864207253
2,136,6556.0,0.0013672370300174847
2,137,6088.0,0.001269636827142533
2,138,5845.0,0.0012189597987266928
2,139,5966.0,0.0012441940392135926
2,140,38750.0,0.008081213379069177
2,141,14921.0,0.0031117363826862247
2,142,19276.0,0.00401996049277258
2,143,11993.0,0.0025011094723916554
2,144,8507.0,0.0017741130894384902
2,145,5355.0,0.0011167715521268502
2,146,6487.0,0.0013528472565166904
2,147,7752.0,0.0016166597706979166
2,148,72773.0,0.015176622999612937
2,149,15511.0,0.0032347793734901166
2,150,23570.0,0.004915463208894465
2,151,5440.0,0.0011344980847002922
2,152,3989.0,0.0008318957462995341
2,153,8489.0,0.0017703592354817613
2,154,5576.0,0.0011628605368177996
2,155,4523.0,0.0009432600803491584
2,156,5148.0,0.0010736022316244678
2,157,23030.0,0.004802847590192598
2,158,12125.0,0.002528637734741001
2,159,4764.0,0.0009935200138809178
2,160,14706.0,0.003066898682647518
2,161,3168.0,0.0006606782963842878
2,162,33727.0,0.007033679577699772
2,163,4000.0,0.0008341897681619796
2,164,4545.0,0.0009478481240740494
2,165,5775.0,0.0012043614777838582
2,166,36233.0,0.007556299467453252
2,167,4209.0,0.0008777761835484431
2,168,13714.0,0.0028600196201433474
2,169,4127.0,0.0008606752933011225
2,170,3987.0,0.0008314786514154532
2,171,4638.0,0.0009672430361838154
2,172,4124.0,0.000860049650975001
2,173,8563.0,0.0017857917461927579
2,174,11708.0,0.0024416734514101143
2,175,4481.0,0.0009345010877834577
2,176,4490.0,0.0009363780147618222
2,177,21520.0,0.004487940952711451
2,178,4324.0,0.0009017591393831
2,179,1814.0,0.00037830505986145775
2,180,71799.0,0.014973497791065493
2,181,3629.0,0.000756818667164956
2,182,22462.0,0.004684392643113597
2,183,3544.0,0.0007390921345915139
2,184,4639.0,0.0009674515836258559
2,185,4795.0,0.000999984984584173
2,186,4477.0,0.0009336668980152957
2,187,3374.0,0.0007036390694446298
2,188,7576.0,0.0015799554208987894
2,189,5703.0,0.0011893460619569424
2,190,4224.0,0.0008809043951790505
2,191,4405.0,0.0009186514821883801
2,192,10872.0,0.0022673277898642608
2,193,3409.0,0.0007109382299160472
2,194,3893.0,0.0008118751918636467
2,195,3668.0,0.0007649520174045353
2,196,3665.0,0.0007643263750784138
2,197,2246.0,0.0004683975548229516
2,198,4954.0,0.0010331440278686119
2,199,12406.0,0.00258723956595438
2,200,24312.0,0.005070205410888512
2,201,4329.0,0.0009028018765933025
2,202,4881.0,0.0010179200645996556
2,203,3281.0,0.0006842441573348638
2,204,3968.0,0.0008275162500166838
2,205,4553.0,0.0009495165036103733
2,206,2608.0,0.0005438917288416107
2,207,4264.0,0.0008892462928606703
2,208,6858.0,0.001430218357513714
2,209,2716.0,0.0005664148525819842
2,210,17461.0,0.0036414468854690817
2,211,4405.0,0.0009186514821883801
2,212,3582.0,0.0007470169373890528
2,213,2960.0,0.000617300428439865
2,214,10680.0,0.0022272866809924857
2,215,1747.0,0.00036433238124474463
2,216,7396.0,0.0015424168813315004
2,217,2523.0,0.0005261651962681687
2,218,4001.0,0.0008343983156040201
2,219,2517.0,0.0005249139116159257
2,220,5139.0,0.0010717253046461034
2,221,16687.0,0.0034800311653297384
2,222,3619.0,0.0007547331927445511
2,223,2526.0,0.0005267908385942901
2,224,2716.0,0.0005664148525819842
2,225,20811.0,0.00434008081630474
2,226,3158.0,0.000658592821963883
2,227,3163.0,0.0006596355591740854
2,228,2880.0,0.0006006166330766253
2,229,3234.0,0.0006744424275589605
2,230,3835.0,0.000799779440225298
2,231,3220.0,0.0006715227633703936
2,232,2794.0,0.0005826815530611428
2,233,1845.0,0.00038477003056471313
2,234,3573.0,0.0007451400104106883
2,235,3374.0,0.0007036390694446298
2,236,12369.0,0.0025795233105988815
2,237,2796.0,0.0005830986479452237
2,238,3394.0,0.0007078100182854397
2,239,1875.0,0.00039102645382592795
2,240,3322.0,0.0006927946024585241
2,241,2243.0,0.00046777191249683007
2,242,2223.0,0.00046360096365602015
2,243,2398.0,0.0005000967660131068
2,244,3048.0,0.0006356526033394284
2,245,2471.0,0.0005153207292820629
2,246,3421.0,0.000713440799220533
2,247,3726.0,0.0007770477690428841
2,248,4591.0,0.0009574413064079121
2,249,2315.0,0.0004827873283237457
2,250,11954.0,0.0024929761221520763
2,251,1515.0,0.00031594937469134977
2,252,3273.0,0.0006825757777985398
2,253,2276.0,0.0004746539780841664
2,254,2659.0,0.000554527648385676
2,255,2594.0,0.0005409720646530438
2,256,2791.0,0.0005820559107350213
2,257,2196.0,0.0004579701827209268
2,258,3450.0,0.0007194886750397074
2,259,2755.0,0.0005745482028215635
2,260,2664.0,0.0005555703855958784
2,261,2532.0,0.0005280421232465331
2,262,2967.0,0.0006187602605341484
2,263,2642.0,0.0005509823418709876
2,264,2319.0,0.0004836215180919077
2,265,2831.0,0.0005903978084166411
2,266,2222.0,0.0004633924162139797
2,267,2052.0,0.00042793935106709554
2,268,1455.0,0.0003034365281689201
2,269,1154.0,0.00024066374811473112
2,270,1408.0,0.0002936347983930168
2,271,1109.0,0.00023127911322290886
2,272,1461.0,0.00030468781282116307
2,273,829.0,0.0001728858294515703
2,274,1439.0,0.0003000997690962722
2,275,1502.0,0.00031323825794482335
2,276,1355.0,0.0002825817839648706
2,277,897.0,0.00018706705551032392
2,278,1044.0,0.00021772352949027667
2,279,604.0,0.00012596265499245892
2,280,6221.0,0.001297373636933919
2,281,677.0,0.00014118661826141506
2,282,977.0,0.00020375085087356352
2,283,558.0,0.00011636947265859616
2,284,974.0,0.00020312520854744203
2,285,644.0,0.00013430455267407872
2,286,882.0,0.0001839388438797165
2,287,620.0,0.00012929941406510684
2,288,912.0,0.00019019526714093136
2,289,574.0,0.00011970623173124408
2,290,1006.0,0.00020979872669273789
2,291,620.0,0.00012929941406510684
2,292,947.0,0.00019749442761234868
2,293,638.0,0.00013305326802183574
2,294,1003.0,0.0002091730843666164
2,295,1496.0,0.00031198697329258036
2,296,872.0,0.00018185336945931156
2,297,535.0,0.00011157288149166477
2,298,973.0,0.00020291666110540155
2,299,1014.0,0.00021146710622906183
2,300,4514.0,0.000941383153370794
3,0,3224.0,0.0006277344122680799
3,1,2.0,3.8941340711419356e-07
3,2,4.0,7.788268142283871e-07
3,4,1.0,1.9470670355709678e-07
3,5,13541.0,0.0026365234728666473
3,6,3.0,5.841201106712903e-07
3,7,3.0,5.841201106712903e-07
3,9,3.0,5.841201106712903e-07
3,10,45627.0,0.008883882763199654
3,11,15609.0,0.0030391769358227233
3,12,122.0,2.3754217833965804e-05
3,13,327.0,6.366909206317065e-05
3,14,529.0,0.0001029998461817042
3,15,747.0,0.0001454459075571513
3,16,1031.0,0.00020074261136736676
3,17,1265.0,0.00024630397999972744
3,18,1154.0,0.00022469153590488967
3,19,1041.0,0.00020268967840293773
3,20,568836.0,0.1107561824246047
3,21,92655.0,0.0180405496180828
3,22,133058.0,0.025907284561900182
3,23,1516.0,0.0002951753625925587
3,24,668.0,0.00013006407797614065
3,25,697.0,0.00013571057237929645
3,26,490.0,9.540628474297742e-05
3,27,511.0,9.949512551767645e-05
3,28,539.0,0.00010494691321727516
3,29,493.0,9.59904048536487e-05
3,30,67189.0,0.013082148705297775
3,31,21482.0,0.004182689405813553
3,32,488.0,9.501687133586322e-05
3,33,31208.0,0.006076406804609876
3,34,578.0,0.00011254047465600193
3,35,1318.0,0.00025662343528825356
3,36,1246.0,0.00024260455263214257
3,37,974.0,0.00018964432926461225
3,38,1686.0,0.00032827550219726516
3,39,1326.0,0.0002581810889167103
3,40,17890.0,0.0034833029266364613
3,41,1519.0,0.00029575948270322997
3,42,7193.0,0.0014005253186861971
3,43,2938.0,0.0005720482950507503
3,44,4061.0,0.00079070392314537
3,45,2012.0,0.0003917498875568787
3,46,2010.0,0.00039136047414976453
3,47,2571.0,0.0005005909348452958
3,48,2355.0,0.0004585342868769629
3,49,4111.0,0.0008004392583232248
3,50,621134.0,0.12093895360723374
3,51,2101.0,0.0004090787841734603
3,52,157561.0,0.030678182919159722
3,53,2342.0,0.0004560030997307206
3,54,3359.0,0.0006540198172482881
3,55,339026.0,0.06601063488014829
3,56,2229.0,0.0004340012422287687
3,57,2140.0,0.0004166723456121871
3,58,1284.0,0.00025000340736731224
3,59,1836.0,0.00035748150773082964
3,60,3866.0,0.0007527361159517361
3,61,1196.0,0.00023286921745428773
3,62,1270.0,0.0002472775135175129
3,63,2620.0,0.0005101315633195935
3,64,13691.0,0.0026657294784002117
3,65,871.0,0.00016958953879823128
3,66,1764.0,0.0003434626250747187
3,67,3174.0,0.0006179990770902251
3,68,1123.0,0.00021865562809461966
3,69,2179.0,0.0004242659070509139
3,70,844648.0,0.16445862774609468
3,71,1361.0,0.0002649958235412087
3,72,1687.0,0.00032847020890082224
3,73,208907.0,0.040675593320002416
3,74,1623.0,0.00031600897987316807
3,75,2056.0,0.00040031698251339097
3,76,1628.0,0.00031698251339095355
3,77,453243.0,0.08824945044032921
3,78,1725.0,0.0003358690636359919
3,79,1836.0,0.00035748150773082964
3,80,403158.0,0.07849756519267202
3,81,2917.0,0.0005679594542760513
3,82,1761.0,0.00034287850496404743
3,83,2614.0,0.0005089633230982509
3,84,164516.0,0.03203236804239933
3,85,8759.0,0.0017054360164566107
3,86,13731.0,0.0026735177465424956
3,87,7621.0,0.0014838597878086344
3,88,230496.0,0.044879116343096576
3,89,4917.0,0.0009573728613902448
3,90,9376.0,0.0018255700525513392
3,91,4230.0,0.0008236093560465193
3,92,3089.0,0.0006014490072878719
3,93,1878.0,0.0003656591892802277
3,94,5753.0,0.0011201476655639778
3,95,14135.0,0.002752179254779563
3,96,4224.0,0.0008224411158251767
3,97,2068.0,0.00040265346295607614
3,98,1734.0,0.0003376214239680058
3,99,2978.0,0.0005798365631930342
3,100,14670.0,0.0028563473411826095
3,101,1844.0,0.00035903916135928646
3,102,1893.0,0.0003685797898335842
3,103,1493.0,0.00029069710841074547
3,104,1811.0,0.0003526138401419022
3,105,10887.0,0.0021197718816261127
3,106,1507.0,0.00029342300226054485
3,107,1703.0,0.0003315855161577358
3,108,1440.0,0.00028037765312221934
3,109,1717.0,0.00033431141000753514
3,110,2551.0,0.0004966968007741538
3,111,1722.0,0.00033528494352532063
3,112,1414.0,0.00027531527882973484
3,113,1476.0,0.0002873870944502748
3,114,1553.0,0.0003023795106241713
3,115,1471.0,0.0002864135609324893
3,116,1381.0,0.00026888995761235066
3,117,7726.0,0.0015043039916821297
3,118,1410.0,0.00027453645201550643
3,119,1399.0,0.0002723946782763784
3,120,3369.0,0.000655966884283859
3,121,1470.0,0.00028621885422893225
3,122,1686.0,0.00032827550219726516
3,123,1235.0,0.0002404627788930145
3,124,1361.0,0.0002649958235412087
3,125,2232.0,0.00043458536233944
3,126,1207.0,0.0002350109911934158
3,127,977.0,0.00019022844937528353
3,128,1175.0,0.0002287803766795887
3,129,9652.0,0.001879309102733098
3,130,1595.0,0.00031055719217356936
3,131,991.0,0.00019295434322508289
3,132,1220.0,0.00023754217833965805
3,133,1002.0,0.00019509611696421096
3,134,919.0,0.00017893546056897192
3,135,861.0,0.00016764247176266031
3,136,1556.0,0.00030296363073484256
3,137,1039.0,0.00020230026499582355
3,138,848.0,0.00016511128461641807
3,139,866.0,0.0001686160052804458
3,140,1165.0,0.00022683330964401774
3,141,863.0,0.00016803188516977452
3,142,1160.0,0.00022585977612623226
3,143,1982.0,0.00038590868645016577
3,144,2158.0,0.0004201770662762148
3,145,874.0,0.00017017365890890256
3,146,4801.0,0.0009347868837776216
3,147,6545.0,0.0012743553747811983
3,148,1259.0,0.0002451357397783848
3,149,973.0,0.00018944962256105515
3,150,12755.0,0.0024834840038707694
3,151,1624.0,0.00031620368657672514
3,152,1284.0,0.00025000340736731224
3,153,1597.0,0.0003109466055806835
3,154,1246.0,0.00024260455263214257
3,155,1015.0,0.0001976273041104532
3,156,6714.0,0.0013072608076823476
3,157,1534.0,0.0002986800832565864
3,158,925.0,0.0001801037007903145
3,159,1027.0,0.00019996378455313838
3,160,108931.0,0.02120959592517811
3,161,2233.0,0.0004347800690429971
3,162,1444.0,0.00028115647993644775
3,163,1100.0,0.00021417737391280644
3,164,861.0,0.00016764247176266031
3,165,1598.0,0.00031114131228424064
3,166,13993.0,0.002724530902874455
3,167,1408.0,0.00027414703860839223
3,168,8951.0,0.0017428197035395732
3,169,1016.0,0.0001978220108140103
3,170,1000.0,0.00019470670355709678
3,171,1285.0,0.0002501981140708693
3,172,1584.0,0.00030841541843444126
3,173,1182.0,0.00023014332360448838
3,174,1024.0,0.0001993796644424671
3,175,1098.0,0.00021378796050569224
3,176,946.0,0.00018419254156501355
3,177,14367.0,0.002797351210004809
3,178,1220.0,0.00023754217833965805
3,179,871.0,0.00016958953879823128
3,180,1190.0,0.00023170097723294514
3,181,948.0,0.00018458195497212773
3,182,1205.0,0.0002346215777863016
3,183,910.0,0.00017718310023695806
3,184,1134.0,0.00022079740183374773
3,185,898.0,0.00017484661979427288
3,186,890.0,0.00017328896616581612
3,187,1228.0,0.00023909983196811484
3,188,1004.0,0.00019548553037132516
3,189,908.0,0.00017679368682984385
3,190,1171.0,0.0002280015498653603
3,191,1074.0,0.00020911499962032192
3,192,2263.0,0.00044062127014971
3,193,1031.0,0.00020074261136736676
3,194,1793.0,0.0003491091194778745
3,195,766.0,0.00014914533492473613
3,196,890.0,0.00017328896616581612
3,197,1335.0,0.00025993344924872417
3,198,1256.0,0.00024455161966771354
3,199,1114.0,0.0002169032677626058
3,200,2581.0,0.0005025380018808667
3,201,1037.0,0.00020191085158870935
3,202,1129.0,0.00021982386831596225
3,203,1094.0,0.00021300913369146386
3,204,842.0,0.00016394304439507548
3,205,753.0,0.00014661414777849386
3,206,845.0,0.00016452716450574676
3,207,1215.0,0.00023656864482187256
3,208,858.0,0.00016705835165198903
3,209,747.0,0.0001454459075571513
3,210,1366.0,0.0002659693570589942
3,211,837.0,0.00016296951087729
3,212,13026.0,0.0025362495205347424
3,213,14564.0,0.0028357084306055574
3,214,3973.0,0.0007735697332323455
3,215,801.0,0.0001559600695492345
3,216,728.0,0.00014174648018956644
3,217,1969.0,0.0003833774993039235
3,218,857.0,0.00016686364494843193
3,219,1015.0,0.0001976273041104532
3,220,1177.0,0.0002291697900867029
3,221,889.0,0.00017309425946225902
3,222,1336.0,0.0002601281559522813
3,223,2295.0,0.0004468518846635371
3,224,1066.0,0.00020755734599186515
3,225,1512.0,0.00029439653577833033
3,226,1135.0,0.00022099210853730484
3,227,803.0,0.0001563494829563487
3,228,1076.0,0.00020950441302743612
3,229,1077.0,0.00020969911973099323
3,230,916.0,0.00017835134045830064
3,231,806.0,0.00015693360306701998
3,232,2612.0,0.0005085739096911368
3,233,846.0,0.00016472187120930386
3,234,1166.0,0.00022702801634757482
3,235,828.0,0.00016121715054527613
3,236,879.0,0.00017114719242668805
3,237,1235.0,0.0002404627788930145
3,238,1310.0,0.00025506578165979674
3,239,1131.0,0.00022021328172307645
3,240,18656.0,0.003632448261561197
3,241,1425.0,0.0002774570525688629
3,242,953.0,0.00018555548848991321
3,243,864.0,0.0001682265918733316
3,244,926.0,0.00018029840749387161
3,245,1205.0,0.0002346215777863016
3,246,738.0,0.0001436935472251374
3,247,610.0,0.00011877108916982902
3,248,878.0,0.00017095248572313097
3,249,1278.0,0.0002488351671459697
3,250,1309.0,0.00025487107495623967
3,251,696.0,0.00013551586567573935
3,252,6121.0,0.0011917997324729893
3,253,930.0,0.0001810772343081
3,254,754.0,0.00014680885448205096
3,255,1527.0,0.0002973171363316868
3,256,824.0,0.00016043832373104774
3,257,645.0,0.0001255858237943274
3,258,2376.0,0.0004626231276516619
3,259,802.0,0.0001561547762527916
3,260,10753.0,0.0020936811833494615
3,261,939.0,0.00018282959464011386
3,262,1249.0,0.00024318867274281385
3,263,1048.0,0.00020405262532783742
3,264,814.0,0.00015849125669547678
3,265,8076.0,0.0015724513379271135
3,266,780.0,0.00015187122877453549
3,267,778.0,0.00015148181536742128
3,268,847.0,0.00016491657791286096
3,269,814.0,0.00015849125669547678
3,270,1417.0,0.0002758993989404061
3,271,778.0,0.00015148181536742128
3,272,621.0,0.0001209128629089571
3,273,736.0,0.00014330413381802323
3,274,566.0,0.00011020399421331676
3,275,1316.0,0.00025623402188113936
3,276,992.0,0.00019314904992864
3,277,874.0,0.00017017365890890256
3,278,646.0,0.0001257805304978845
3,279,912.0,0.00017757251364407226
3,280,708.0,0.00013785234611842452
3,281,740.0,0.0001440829606322516
3,282,857.0,0.00016686364494843193
3,283,940.0,0.00018302430134367097
3,284,751.0,0.00014622473437137968
3,285,814.0,0.00015849125669547678
3,286,1232.0,0.00023987865878234322
3,287,871.0,0.00016958953879823128
3,288,1641.0,0.0003195137005371958
3,289,1047.0,0.00020385791862428032
3,290,708.0,0.00013785234611842452
3,291,1460.0,0.0002842717871933613
3,292,1217.0,0.00023695805822898677
3,293,1117.0,0.00021748738787327708
3,294,786.0,0.00015303946899587807
4,1,4851.0,0.009704736735759485
4,2,10458.0,0.020921899975793173
4,3,564.0,0.0011283181857283755
4,4,678.0,0.0013563824998649619
4,5,974.0,0.0019485494909564497
4,6,1247.0,0.0024947035063888016
4,7,1540.0,0.003080868805003011
4,8,1806.0,0.0036130188713217127
4,9,1950.0,0.0039011001102310853
4,10,2110.0,0.004221190375685944
4,11,2263.0,0.004527276692027152
4,12,2761.0,0.005523557643255398
4,13,2590.0,0.005181461172050518
4,14,2499.0,0.004999409833573068
4,15,2634.0,0.005269485995050604
4,16,2655.0,0.005311497842391554
4,17,3047.0,0.006095718992755957
4,18,2869.0,0.0057396185724374275
4,19,2637.0,0.005275487687527883
4,20,2634.0,0.005269485995050604
4,21,2579.0,0.005159454966300497
4,22,2672.0,0.005345507433096133
4,23,2868.0,0.0057376180082783345
4,24,2936.0,0.00587365637109665
4,25,3923.0,0.007848213196121306
4,26,3082.0,0.006165738738324208
4,27,3579.0,0.007160019125393361
4,28,2708.0,0.0054175277428234764
4,29,2595.0,0.005191463992845983
4,30,2842.0,0.00568560334014192
4,31,167951.0,0.3359967510838056
4,32,3768.0,0.007538125751461912
4,33,3505.0,0.007011977377620489
4,34,3976.0,0.007954243096553229
4,35,3220.0,0.006441816592279023
4,36,12011.0,0.02402877611486439
4,37,5053.0,0.010108850695896242
4,38,2633.0,0.005267485430891511
4,39,2428.0,0.004857369778277474
4,40,2383.0,0.0047673443911182955
4,41,2437.0,0.00487537485570931
4,42,12284.0,0.024574930130296744
4,43,3209.0,0.006419810386529001
4,44,2827.0,0.005655594877755527
4,45,2257.0,0.004515273307072594
4,46,2317.0,0.004635307156618166
4,47,2277.0,0.004555284590254452
4,48,2177.0,0.004355228174345165
4,49,2030.0,0.004061145242958514
4,50,2343.0,0.004687321824754581
4,51,2310.0,0.004621303207504516
4,52,2064.0,0.0041291644243676715
4,53,2087.0,0.004175177400026807
4,54,1978.0,0.0039571159066856855
4,55,2017.0,0.004035137908890307
4,56,1983.0,0.0039671187274811495
4,57,2123.0,0.004247197709754151
4,58,2819.0,0.005639590364482784
4,59,1853.0,0.0037070453867990775
4,60,1814.0,0.0036290233845944556
4,61,1863.0,0.003727051028390006
4,62,1759.0,0.003518992355844348
4,63,1648.0,0.00329692973418504
4,64,1678.0,0.003356946658957826
4,65,1605.0,0.003210905475344047
4,66,1645.0,0.0032909280417077616
4,67,1569.0,0.003138885165616704
4,68,1542.0,0.0030848699333211964
4,69,1521.0,0.0030428580859802466
4,70,1679.0,0.003358947223116919
4,71,2062.0,0.0041251632960494855
4,72,1849.0,0.003699043130162706
4,73,1386.0,0.00277278192450271
4,74,1360.0,0.002720767256366295
4,75,1326.0,0.002652748074957138
4,76,8182.0,0.016368615949697816
4,77,2096.0,0.004193182477458643
4,78,1311.0,0.002622739612570745
4,79,1345.0,0.0026907587939799023
4,80,1808.0,0.0036170199996398986
4,81,2238.0,0.00447726258804983
4,82,1611.0,0.003222908860298604
4,83,4443.0,0.008888506558849596
4,84,1273.0,0.0025467181745252162
4,85,1275.0,0.0025507193028434017
4,86,1143.0,0.002286644833843144
4,87,1121.0,0.0022426324223431006
4,88,1135.0,0.002270640320570401
4,89,1104.0,0.002208622831638522
4,90,1117.0,0.002234630165706729
4,91,1123.0,0.0022466335506612866
4,92,1023.0,0.002046577134752
4,93,1064.0,0.0021286002652748074
4,94,980.0,0.001960552875911007
4,95,980.0,0.001960552875911007
4,96,935.0,0.001870527488751828
4,97,977.0,0.0019545511834337284
4,98,980.0,0.001960552875911007
4,99,953.0,0.0019065376436154995
4,100,937.0,0.0018745286170700137
4,101,4352.0,0.008706455220372144
4,102,841.0,0.0016824744577970988
4,103,888.0,0.0017765009732744635
4,104,894.0,0.0017885043582290207
4,105,820.0,0.0016404626104561486
4,106,871.0,0.0017424913825698847
4,107,11096.0,0.022198259909294422
4,108,831.0,0.0016624688162061702
4,109,863.0,0.0017264868692971418
4,110,821.0,0.0016424631746152416
4,111,827.0,0.0016544665595697988
4,112,785.0,0.0015704428648878983
4,113,844.0,0.0016884761502743773
4,114,841.0,0.0016824744577970988
4,115,783.0,0.0015664417365697126
4,116,793.0,0.0015864473781606412
4,117,750.0,0.0015004231193196482
4,118,771.0,0.0015424349666605982
4,119,714.0,0.001428402809592305
4,120,710.0,0.0014204005529559335
4,121,721.0,0.001442406758705955
4,122,707.0,0.001414398860478655
4,123,707.0,0.001414398860478655
4,124,723.0,0.0014464078870241408
4,125,649.0,0.001298366139251269
4,126,672.0,0.0013443791149104047
4,127,649.0,0.001298366139251269
4,128,654.0,0.0013083689600467332
4,129,632.0,0.0012643565485466902
4,130,599.0,0.0011983379312966256
4,131,677.0,0.0013543819357058691
4,132,1506.0,0.0030128496235938534
4,133,612.0,0.001224345265364833
4,134,566.0,0.0011323193140465612
4,135,562.0,0.0011243170574101898
4,136,565.0,0.0011303187498874683
4,137,548.0,0.0010963091591828895
4,138,569.0,0.0011383210065238397
4,139,543.0,0.0010863063383874253
4,140,481.0,0.0009622713605236677
4,141,553.0,0.001106311979978354
4,142,558.0,0.0011163148007738181
4,143,538.0,0.0010763035175919609
4,144,489.0,0.0009782758737964107
4,145,512.0,0.0010242888494555464
4,146,503.0,0.0010062837720237108
4,147,486.0,0.000972274181319132
4,148,2023.0,0.004047141293844864
4,149,509.0,0.001018287156978268
4,150,483.0,0.0009662724888418534
4,151,688.0,0.0013763881414558905
4,152,488.0,0.0009762753096373177
4,153,453.0,0.0009062555640690675
4,154,439.0,0.0008782476658417673
4,155,476.0,0.0009522685397282034
4,156,425.0,0.0008502397676144672
4,157,442.0,0.000884249358319046
4,158,446.0,0.0008922516149554175
4,159,430.0,0.0008602425884099316
4,160,437.0,0.0008742465375235816
4,161,429.0,0.0008582420242508387
4,162,437.0,0.0008742465375235816
4,163,436.0,0.0008722459733644887
4,164,419.0,0.0008382363826599101
4,165,395.0,0.0007902228428416814
4,166,401.0,0.0008022262277962385
4,167,369.0,0.0007382081747052669
4,168,372.0,0.0007442098671825455
4,169,365.0,0.0007302059180688955
4,170,378.0,0.0007562132521371027
4,171,362.0,0.0007242042255916169
4,172,384.0,0.0007682166370916599
4,173,364.0,0.0007282053539098026
4,174,338.0,0.0006761906857733881
4,175,362.0,0.0007242042255916169
4,176,380.0,0.0007602143804552884
4,177,319.0,0.0006381799667506237
4,178,329.0,0.0006581856083415523
4,179,347.0,0.0006941957632052238
4,180,335.0,0.0006701889932961095
4,181,342.0,0.0006841929424097595
4,182,306.0,0.0006121726326824165
4,183,324.0,0.000648182787546088
4,184,330.0,0.0006601861725006452
4,185,286.0,0.0005721613495005592
4,186,302.0,0.000604170376046045
4,187,284.0,0.0005681602211823735
4,188,275.0,0.0005501551437505376
4,189,315.0,0.0006301777101142522
4,190,295.0,0.000590166426932395
4,191,327.0,0.0006541844800233666
4,192,305.0,0.0006101720685233236
4,193,314.0,0.0006281771459551594
4,194,291.0,0.0005821641702960235
4,195,305.0,0.0006101720685233236
4,196,267.0,0.0005341506304777947
4,197,263.0,0.0005261483738414232
4,198,281.0,0.0005621585287050949
4,199,283.0,0.0005661596570232806
4,200,264.0,0.0005281489380005161
4,201,3130.0,0.006261765817960665
4,202,275.0,0.0005501551437505376
4,203,314.0,0.0006281771459551594
4,204,256.0,0.0005121444247277732
4,205,275.0,0.0005501551437505376
4,206,281.0,0.0005621585287050949
4,207,243.0,0.000486137090659566
4,208,257.0,0.0005141449888868661
4,209,258.0,0.0005161455530459589
4,210,271.0,0.0005421528871141662
4,211,233.0,0.00046613144906863736
4,212,244.0,0.00048813765481865886
4,213,252.0,0.0005041421680914018
4,214,1242.0,0.002484700685593337
4,215,258.0,0.0005161455530459589
4,216,225.0,0.00045012693579589446
4,217,267.0,0.0005341506304777947
4,218,227.0,0.0004541280641140802
4,219,217.0,0.0004341224225231515
4,220,225.0,0.00045012693579589446
4,221,233.0,0.00046613144906863736
4,222,234.0,0.00046813201322773023
4,223,215.0,0.0004301212942049658
4,224,204.0,0.0004081150884549443
4,225,246.0,0.0004921387831368446
4,226,233.0,0.00046613144906863736
4,227,208.0,0.00041611734509131574
4,228,207.0,0.0004141167809322229
4,229,217.0,0.0004341224225231515
4,230,236.0,0.00047213314154591595
4,231,198.0,0.0003961117035003871
4,232,199.0,0.00039811226765948
4,233,222.0,0.0004441252433186159
4,234,199.0,0.00039811226765948
4,235,200.0,0.00040011283181857284
4,236,178.0,0.0003561004203185298
4,237,179.0,0.00035810098447762266
4,238,169.0,0.00033809534288669404
4,239,185.0,0.0003701043694321799
4,240,176.0,0.0003520992920003441
4,241,182.0,0.0003641026769549013
4,242,173.0,0.0003460975995230655
4,243,226.0,0.0004521274999549873
4,244,172.0,0.0003440970353639726
4,245,180.0,0.0003601015486367156
4,246,198.0,0.0003961117035003871
4,247,180.0,0.0003601015486367156
4,248,168.0,0.00033609477872760117
4,249,179.0,0.00035810098447762266
4,250,188.0,0.0003761060619094585
4,251,168.0,0.00033609477872760117
4,252,155.0,0.00031008744465939396
4,253,171.0,0.00034209647120487976
4,254,158.0,0.00031608913713667254
4,255,165.0,0.0003300930862503226
4,256,171.0,0.00034209647120487976
4,257,155.0,0.00031008744465939396
4,258,165.0,0.0003300930862503226
4,259,160.0,0.00032009026545485827
4,260,133.0,0.0002660750331593509
4,261,134.0,0.0002680755973184438
4,262,185.0,0.0003701043694321799
4,263,127.0,0.00025407164820479374
4,264,161.0,0.00032209082961395113
4,265,131.0,0.0002620739048411652
4,266,178.0,0.0003561004203185298
4,267,130.0,0.00026007334068207233
4,268,137.0,0.00027407728979572237
4,269,152.0,0.00030408575218211537
4,270,156.0,0.0003120880088184868
4,271,134.0,0.0002680755973184438
4,272,138.0,0.00027607785395481523
4,273,149.0,0.0002980840597048368
4,274,177.0,0.00035409985615943694
4,275,132.0,0.00026407446900025806
4,276,109.0,0.00021806149334112218
4,277,129.0,0.00025807277652297947
4,278,154.0,0.0003080868805003011
4,279,135.0,0.00027007616147753664
4,280,143.0,0.0002860806747502796
4,281,135.0,0.00027007616147753664
4,282,126.0,0.0002520710840457009
4,283,124.0,0.00024806995572751515
4,284,125.0,0.000250070519886608
4,285,121.0,0.00024206826325023657
4,286,136.0,0.0002720767256366295
4,287,125.0,0.000250070519886608
4,288,115.0,0.0002300648782956794
4,289,118.0,0.00023606657077295798
4,290,123.0,0.0002460693915684223
4,291,129.0,0.00025807277652297947
4,292,126.0,0.0002520710840457009
4,293,109.0,0.00021806149334112218
4,294,195.0,0.0003901100110231085
null,4,12.0,3.8407743000989e-05
null,5,4483.0,0.014348492656119474
null,6,36178.0,0.11579294385748166
null,7,2789.0,0.00892659960247986
null,8,2966.0,0.009493113811744447
null,9,3228.0,0.01033168286726604
null,10,3428.0,0.010971811917282524
null,11,3410.0,0.01091420030278104
null,12,3262.0,0.010440504805768844
null,13,3183.0,0.010187653831012332
null,14,3104.0,0.009934802856255821
null,15,3113.0,0.009963608663506563
null,16,3078.0,0.009851586079753678
null,17,3051.0,0.009765168658001453
null,18,3134.0,0.010030822213758294
null,19,3097.0,0.009912398339505244
null,20,3157.0,0.010104437054510189
null,21,3170.0,0.010146045442761261
null,22,2970.0,0.009505916392744777
null,23,2984.0,0.00955072542624593
null,24,3030.0,0.009697955107749722
null,25,2956.0,0.009461107359243624
null,26,3157.0,0.010104437054510189
null,27,2985.0,0.009553926071496013
null,28,2945.0,0.009425900261492717
null,29,2978.0,0.009531521554745436
null,30,14145.0,0.045273127062415784
null,31,3102.0,0.009928401565755656
null,32,3201.0,0.010245265445513815
null,33,3035.0,0.009713958334000135
null,34,2825.0,0.009041822831482827
null,35,2912.0,0.009320278968239996
null,36,2813.0,0.009003415088481837
null,37,2757.0,0.008824178954477223
null,38,2747.0,0.008792172501976399
null,39,2583.0,0.008267266680962882
null,40,2612.0,0.008360085393215273
null,41,2508.0,0.0080272182872067
null,42,2494.0,0.007982409253705547
null,43,2458.0,0.00786718602470258
null,44,2423.0,0.007755163440949696
null,45,2330.0,0.0074575034326920305
null,46,2332.0,0.007463904723192196
null,47,2240.0,0.007169445360184613
null,48,2194.0,0.007022215678680822
null,49,2155.0,0.006897390513927608
null,50,2133.0,0.006826976318425795
null,51,2146.0,0.006868584706676866
null,52,2047.0,0.006551720826918707
null,53,1985.0,0.006353280821413597
null,54,1887.0,0.0060396175869055204
null,55,1852.0,0.005927595003152635
null,56,1829.0,0.00585398016240074
null,57,1811.0,0.005796368547899257
null,58,1726.0,0.005524313701642251
null,59,1736.0,0.005556320154143075
null,60,1741.0,0.005572323380393487
null,61,1774.0,0.005677944673646207
null,62,1688.0,0.005402689182139119
null,63,2794.0,0.008942602828730273
null,64,1604.0,0.005133834981132197
null,65,1632.0,0.005223453048134504
null,66,1577.0,0.005047417559379971
null,67,1475.0,0.004720951743871564
null,68,1506.0,0.004820171746624119
null,69,1436.0,0.00459612657911835
null,70,1474.0,0.004717751098621482
null,71,1365.0,0.004368880766362499
null,72,1370.0,0.004384883992612911
null,73,1284.0,0.004109628501105823
null,74,1312.0,0.00419924656810813
null,75,1282.0,0.004103227210605658
null,76,1223.0,0.003914389140850795
null,77,1326.0,0.004244055601609284
null,78,1124.0,0.003597525261092636
null,79,1155.0,0.0036967452638451913
null,80,1387.0,0.004439294961864312
null,81,1106.0,0.0035399136465911526
null,82,1141.0,0.0036519362303440374
null,83,1098.0,0.0035143084845904934
null,84,1064.0,0.0034054865460876912
null,85,1043.0,0.0033382729958359603
null,86,1087.0,0.003479101386839587
null,87,1025.0,0.003280661381334477
null,88,1042.0,0.003335072350585878
null,89,1061.0,0.003395884610337444
null,90,998.0,0.0031942439595822516
null,91,896.0,0.0028677781440738454
null,92,958.0,0.003066218149578955
null,93,950.0,0.003040612987578296
null,94,881.0,0.002819768465322609
null,95,905.0,0.002896583951324587
null,96,912.0,0.002918988468075164
null,97,893.0,0.002858176208323598
null,98,875.0,0.0028005645938221145
null,99,817.0,0.0026149271693173344
null,100,807.0,0.00258292071681651
null,101,834.0,0.0026693381385687353
null,102,825.0,0.0026405323313179936
null,103,761.0,0.002435691035312719
null,104,800.0,0.002560516200065933
null,105,692.0,0.002214846513057032
null,106,788.0,0.0025221084570649444
null,107,753.0,0.0024100858733120596
null,108,775.0,0.002480500068813873
null,109,720.0,0.00230446458005934
null,110,702.0,0.0022468529655578565
null,111,715.0,0.0022884613538089278
null,112,683.0,0.0021860407058062904
null,113,664.0,0.0021252284460547247
null,114,655.0,0.002096422638803983
null,115,653.0,0.002090021348303818
null,116,648.0,0.002074018122053406
null,117,652.0,0.0020868207030537355
null,118,608.0,0.0019459923120501094
null,119,639.0,0.002045212314802664
null,120,564.0,0.001805163921046483
null,121,611.0,0.0019555942478003564
null,122,594.0,0.0019011832785489555
null,123,629.0,0.00201320586230184
null,124,585.0,0.0018723774712982137
null,125,666.0,0.0021316297365548895
null,126,613.0,0.0019619955383005216
null,127,524.0,0.0016771381110431863
null,128,542.0,0.0017347497255446698
null,129,581.0,0.0018595748902978841
null,130,565.0,0.0018083645662965654
null,131,528.0,0.001689940692043516
null,132,535.0,0.0017123452087940928
null,133,505.0,0.0016163258512916204
null,134,529.0,0.0016931413372935984
null,135,510.0,0.0016323290775420325
null,136,497.0,0.001590720689290961
null,137,543.0,0.0017379503707947521
null,138,464.0,0.0014850993960382414
null,139,459.0,0.0014690961697878292
null,140,4668.0,0.01494061202738472
null,141,454.0,0.001453092943537417
null,142,521.0,0.001667536175292939
null,143,503.0,0.0016099245607914556
null,144,500.0,0.0016003226250412084
null,145,473.0,0.0015139052032889832
null,146,486.0,0.0015555135915400545
null,147,461.0,0.001475497460287994
null,148,479.0,0.0015331090747894775
null,149,432.0,0.001382678748035604
null,150,512.0,0.0016387303680421973
null,151,418.0,0.00133786971453445
null,152,450.0,0.0014402903625370875
null,153,383.0,0.0012258471307815657
null,154,415.0,0.0013282677787842029
null,155,421.0,0.0013474716502846974
null,156,394.0,0.0012610542285324722
null,157,415.0,0.0013282677787842029
null,158,385.0,0.0012322484212817304
null,159,402.0,0.0012866593905331316
null,160,386.0,0.0012354490665318128
null,161,418.0,0.00133786971453445
null,162,417.0,0.0013346690692843677
null,163,393.0,0.0012578535832823898
null,164,386.0,0.0012354490665318128
null,165,372.0,0.001190640033030659
null,166,373.0,0.0011938406782807413
null,167,357.0,0.0011426303542794228
null,168,377.0,0.001206643259281071
null,169,339.0,0.0010850187397779393
null,170,380.0,0.0012162451950313183
null,171,369.0,0.0011810380972804117
null,172,378.0,0.0012098439045311535
null,173,330.0,0.0010562129325271976
null,174,344.0,0.0011010219660283513
null,175,320.0,0.0010242064800263734
null,176,336.0,0.001075416804027692
null,177,346.0,0.001107423256528516
null,178,304.0,0.0009729961560250547
null,179,334.0,0.0010690155135275271
null,180,306.0,0.0009793974465252195
null,181,342.0,0.0010946206755281865
null,182,290.0,0.0009281871225239008
null,183,319.0,0.0010210058347762908
null,184,304.0,0.0009729961560250547
null,185,296.0,0.0009473909940243953
null,186,319.0,0.0010210058347762908
null,187,303.0,0.0009697955107749722
null,188,346.0,0.001107423256528516
null,189,316.0,0.0010114038990260436
null,190,277.0,0.0008865787342728295
null,191,285.0,0.0009121838962734887
null,192,295.0,0.000944190348774313
null,193,331.0,0.00105941357777728
null,194,304.0,0.0009729961560250547
null,195,288.0,0.000921785832023736
null,196,284.0,0.0009089832510234063
null,197,306.0,0.0009793974465252195
null,198,306.0,0.0009793974465252195
null,199,264.0,0.000844970346021758
null,200,265.0,0.0008481709912718404
null,201,294.0,0.0009409897035242304
null,202,267.0,0.0008545722817720052
null,203,239.0,0.0007649542147696976
null,204,235.0,0.0007521516337693679
null,205,258.0,0.0008257664745212635
null,206,251.0,0.0008033619577706866
null,207,230.0,0.0007361484075189558
null,208,277.0,0.0008865787342728295
null,209,225.0,0.0007201451812685437
null,210,266.0,0.0008513716365219228
null,211,222.0,0.0007105432455182965
null,212,220.0,0.0007041419550181317
null,213,260.0,0.0008321677650214283
null,214,243.0,0.0007777567957700272
null,215,241.0,0.0007713555052698625
null,216,228.0,0.000729747117018791
null,217,201.0,0.0006433296952665658
null,218,225.0,0.0007201451812685437
null,219,222.0,0.0007105432455182965
null,220,227.0,0.0007265464717687085
null,221,233.0,0.0007457503432692031
null,222,205.0,0.0006561322762668955
null,223,216.0,0.000691339374017802
null,224,178.0,0.0005697148545146702
null,225,226.0,0.0007233458265186261
null,226,212.0,0.0006785367930174723
null,227,237.0,0.0007585529242695328
null,228,220.0,0.0007041419550181317
null,229,217.0,0.0006945400192678844
null,230,195.0,0.0006241258237660712
null,231,194.0,0.0006209251785159888
null,232,202.0,0.0006465303405166482
null,233,163.0,0.0005217051757634339
null,234,210.0,0.0006721355025173075
null,235,204.0,0.000652931631016813
null,236,213.0,0.0006817374382675547
null,237,193.0,0.0006177245332659064
null,238,184.0,0.0005889187260151647
null,239,190.0,0.0006081225975156591
null,240,185.0,0.0005921193712652471
null,241,193.0,0.0006177245332659064
null,242,184.0,0.0005889187260151647
null,243,194.0,0.0006209251785159888
null,244,200.0,0.0006401290500164833
null,245,165.0,0.0005281064662635988
null,246,196.0,0.0006273264690161537
null,247,197.0,0.0006305271142662361
null,248,181.0,0.0005793167902649174
null,249,162.0,0.0005185045305133515
null,250,184.0,0.0005889187260151647
null,251,190.0,0.0006081225975156591
null,252,178.0,0.0005697148545146702
null,253,183.0,0.0005857180807650823
null,254,200.0,0.0006401290500164833
null,255,173.0,0.000553711628264258
null,256,174.0,0.0005569122735143405
null,257,160.0,0.0005121032400131867
null,258,154.0,0.0004928993685126921
null,259,164.0,0.0005249058210135163
null,260,163.0,0.0005217051757634339
null,261,165.0,0.0005281064662635988
null,262,188.0,0.0006017213070154943
null,263,158.0,0.0005057019495130218
null,264,153.0,0.0004896987232626097
null,265,149.0,0.00047689614226228006
null,266,170.0,0.0005441096925140108
null,267,153.0,0.0004896987232626097
null,268,130.0,0.00041608388251071417
null,269,181.0,0.0005793167902649174
null,270,171.0,0.0005473103377640932
null,271,155.0,0.0004961000137627745
null,272,145.0,0.0004640935612619504
null,273,138.0,0.0004416890445113735
null,274,140.0,0.0004480903350115383
null,275,143.0,0.0004576922707617856
null,276,138.0,0.0004416890445113735
null,277,115.0,0.0003680742037594779
