campaign_key,baseline_budget,full_opportunity_forecast,median_positive_lwc,mean_positive_lwc
7-0,750.0,499976,0.0810420158384858,0.0891773741920816
7-1,1350.0,499976,0.0810420158384858,0.0891773741920816
7-2,2250.0,499976,0.0810420158384858,0.0891773741920816
7-3,900.0,499976,0.0810420158384858,0.0891773741920816
7-4,750.0,499976,0.0810420158384858,0.0891773741920816
7-5,600.0,499976,0.0810420158384858,0.0891773741920816
7-6,5250.0,499976,0.0810420158384858,0.0891773741920816
7-7,5100.0,499976,0.0810420158384858,0.0891773741920816
7-8,1500.0,499976,0.0810420158384858,0.0891773741920816
7-9,2700.0,499976,0.0810420158384858,0.0891773741920816
7-10,2850.0,499976,0.0810420158384858,0.0891773741920816
7-11,11850.0,499976,0.0810420158384858,0.0891773741920816
7-12,1350.0,499976,0.0810420158384858,0.0891773741920816
7-13,2250.0,499976,0.0810420158384858,0.0891773741920816
7-14,4350.0,499976,0.0810420158384858,0.0891773741920816
7-15,1950.0,499976,0.0810420158384858,0.0891773741920816
7-16,8250.0,499976,0.0810420158384858,0.0891773741920816
7-17,9750.0,499976,0.0810420158384858,0.0891773741920816
7-18,600.0,499976,0.0810420158384858,0.0891773741920816
7-19,1650.0,499976,0.0810420158384858,0.0891773741920816
7-20,5250.0,499976,0.0810420158384858,0.0891773741920816
7-21,1950.0,499976,0.0810420158384858,0.0891773741920816
7-22,2250.0,499976,0.0810420158384858,0.0891773741920816
7-23,900.0,499976,0.0810420158384858,0.0891773741920816
7-24,3750.0,499976,0.0810420158384858,0.0891773741920816
7-25,2700.0,499976,0.0810420158384858,0.0891773741920816
7-26,1500.0,499976,0.0810420158384858,0.0891773741920816
7-27,5250.0,499976,0.0810420158384858,0.0891773741920816
7-28,2400.0,499976,0.0810420158384858,0.0891773741920816
7-29,4500.0,499976,0.0810420158384858,0.0891773741920816
7-30,3750.0,499976,0.0810420158384858,0.0891773741920816
7-31,2850.0,499976,0.0810420158384858,0.0891773741920816
7-32,6750.0,499976,0.0810420158384858,0.0891773741920816
7-33,600.0,499976,0.0810420158384858,0.0891773741920816
7-34,5550.0,499976,0.0810420158384858,0.0891773741920816
7-35,1800.0,499976,0.0810420158384858,0.0891773741920816
7-36,4200.0,499976,0.0810420158384858,0.0891773741920816
7-37,1050.0,499976,0.0810420158384858,0.0891773741920816
7-38,5700.0,499976,0.0810420158384858,0.0891773741920816
7-39,450.0,499976,0.0810420158384858,0.0891773741920816
7-40,600.0,499976,0.0810420158384858,0.0891773741920816
7-41,750.0,499976,0.0810420158384858,0.0891773741920816
7-42,3600.0,499976,0.0810420158384858,0.0891773741920816
7-43,2400.0,499976,0.0810420158384858,0.0891773741920816
7-44,5400.0,499976,0.0810420158384858,0.0891773741920816
7-45,2100.0,499976,0.0810420158384858,0.0891773741920816
7-46,5550.0,499976,0.0810420158384858,0.0891773741920816
7-47,450.0,499976,0.0810420158384858,0.0891773741920816
