budget_multiplier,supply_cap,policy,selected_kappa,value_gain,extra_ud_pp,absolute_ud_pp,mean_cap_violation,violation_severity_pp,paired_realization_violation_rate,feasible_oracle_kappa,oracle_gain,value_gap_to_feasible_oracle,budget_normalized_value_gap,value_capture,selected_test_feasible,retrospective_not_fresh_holdout,campaign_load,log_campaign_load,load_regime
0.5,500,Fixed 0.3,0.3,-92.15240203228086,4.794653708145503,43.760788468466295,False,0.0,0.0,0.0,0.0,92.15240203228086,0.0012286986937637,,True,True,62.9303201214064,4.14202808447023,high_load_scarce_room
0.5,500,Fixed 0.5,0.5,-204.568683623198,9.066258875873636,48.03239363619443,False,0.0,0.0,0.0,0.0,204.568683623198,0.0027275824483093,,True,True,62.9303201214064,4.14202808447023,high_load_scarce_room
0.5,500,Fixed 0.8,0.8,-527.133317729099,17.59863634479798,56.56477110511877,True,7.598636344797981,1.0,0.0,0.0,527.133317729099,0.0070284442363879,,False,True,62.9303201214064,4.14202808447023,high_load_scarce_room
0.5,500,Development scenario near-best,0.0,0.0,0.0,38.96613476032079,False,0.0,0.0,0.0,0.0,0.0,0.0,,True,True,62.9303201214064,4.14202808447023,high_load_scarce_room
0.5,2000,Fixed 0.3,0.3,-19.261327710907608,5.34466653533031,12.569826160202632,False,0.0,0.0,0.0,0.0,19.261327710907608,0.0002568177028121,,True,True,15.7325800303516,2.755733723350339,intermediate_load
0.5,2000,Fixed 0.5,0.5,-268.3828127474135,12.224056346672626,19.449215971544948,True,2.2240563466726258,1.0,0.0,0.0,268.3828127474135,0.0035784375032988,,False,True,15.7325800303516,2.755733723350339,intermediate_load
0.5,2000,Fixed 0.8,0.8,-1052.850632479327,30.063483774301464,37.288643399173786,True,20.063483774301464,1.0,0.0,0.0,1052.850632479327,0.0140380084330576,,False,True,15.7325800303516,2.755733723350339,intermediate_load
0.5,2000,Development scenario near-best,0.3,-19.261327710907608,5.34466653533031,12.569826160202632,False,0.0,0.0,0.0,0.0,19.261327710907608,0.0002568177028121,,True,True,15.7325800303516,2.755733723350339,intermediate_load
0.5,8000,Fixed 0.3,0.3,177.58480680136927,2.167745927081868,4.875388148888431,False,0.0,0.0,0.5,418.1363400734272,240.5515332720579,0.0032073537769607,0.4247055081846853,True,True,3.9331450075879,1.369439362230448,low_load_rich_room
0.5,8000,Fixed 0.5,0.5,418.1363400734272,6.392469218330991,9.100111440137551,False,0.0,0.0,0.5,418.1363400734272,0.0,0.0,1.0,True,True,3.9331450075879,1.369439362230448,low_load_rich_room
0.5,8000,Fixed 0.8,0.8,649.5668981091085,21.21378899605176,23.921431217858323,True,11.21378899605176,1.0,0.5,418.1363400734272,-231.4305580356813,-0.003085740773809,1.553481091825314,False,True,3.9331450075879,1.369439362230448,low_load_rich_room
0.5,8000,Development scenario near-best,0.5,418.1363400734272,6.392469218330991,9.100111440137551,False,0.0,0.0,0.5,418.1363400734272,0.0,0.0,1.0,True,True,3.9331450075879,1.369439362230448,low_load_rich_room
0.5,Full,Fixed 0.3,0.3,463.0186286633407,-1.325645769042235,1.6025960367693912,False,0.0,0.0,0.8,2164.696155965474,1701.677527302134,0.0226890336973617,0.2138954362658948,True,True,0.06293334092177065,-2.765679193359871,low_load_rich_room
0.5,Full,Fixed 0.5,0.5,940.2536957257862,2.2171331155568232,5.145374921368449,False,0.0,0.0,0.8,2164.696155965474,1224.4424602396884,0.0163258994698625,0.4343582784746177,True,True,0.06293334092177065,-2.765679193359871,low_load_rich_room
0.5,Full,Fixed 0.8,0.8,2164.696155965474,9.783193070363748,12.711434876175376,False,0.0,0.0,0.8,2164.696155965474,0.0,0.0,1.0,True,True,0.06293334092177065,-2.765679193359871,low_load_rich_room
0.5,Full,Development scenario near-best,0.8,2164.696155965474,9.783193070363748,12.711434876175376,False,0.0,0.0,0.8,2164.696155965474,0.0,0.0,1.0,True,True,0.06293334092177065,-2.765679193359871,low_load_rich_room
0.75,500,Fixed 0.3,0.3,-128.30102368243752,3.843202972026745,56.42374323477768,False,0.0,0.0,0.0,0.0,128.30102368243752,0.0011404535438438,,True,True,94.39548018210961,4.5474931925783935,high_load_scarce_room
0.75,500,Fixed 0.5,0.5,-242.8307334990609,6.866750063162073,59.44729032591301,False,0.0,0.0,0.0,0.0,242.8307334990609,0.0021584954088805,,True,True,94.39548018210961,4.5474931925783935,high_load_scarce_room
0.75,500,Fixed 0.8,0.8,-518.6655962659697,12.370593486513265,64.9511337492642,True,2.3705934865132647,1.0,0.0,0.0,518.6655962659697,0.0046103608556975,,False,True,94.39548018210961,4.5474931925783935,high_load_scarce_room
0.75,500,Development scenario near-best,0.0,0.0,0.0,52.58054026275094,False,0.0,0.0,0.0,0.0,0.0,0.0,,True,True,94.39548018210961,4.5474931925783935,high_load_scarce_room
0.75,2000,Fixed 0.3,0.3,-223.44099549312705,6.673353512850074,17.792165521693438,False,0.0,0.0,0.0,0.0,223.44099549312705,0.0019861421821611,,True,True,23.598870045527402,3.161198831458503,intermediate_load
0.75,2000,Fixed 0.5,0.5,-580.2454911788345,13.815038057844802,24.93385006668817,True,3.815038057844802,1.0,0.0,0.0,580.2454911788345,0.0051577376993674,,False,True,23.598870045527402,3.161198831458503,intermediate_load
0.75,2000,Fixed 0.8,0.8,-1813.758203628768,32.052929922511325,43.17174193135469,True,22.052929922511325,1.0,0.0,0.0,1813.758203628768,0.0161222951433668,,False,True,23.598870045527402,3.161198831458503,intermediate_load
0.75,2000,Development scenario near-best,0.0,0.0,0.0,11.118812008843364,False,0.0,0.0,0.0,0.0,0.0,0.0,,True,True,23.598870045527402,3.161198831458503,intermediate_load
0.75,8000,Fixed 0.3,0.3,134.8026577278306,2.534268593031032,5.994279887332204,False,0.0,0.0,0.5,263.08533494028416,128.28267721245356,0.0011402904641106,0.5123913796199567,True,True,5.8997175113818505,1.7749044703386125,low_load_rich_room
0.75,8000,Fixed 0.5,0.5,263.08533494028416,7.940067875960389,11.40007917026156,False,0.0,0.0,0.5,263.08533494028416,0.0,0.0,1.0,True,True,5.8997175113818505,1.7749044703386125,low_load_rich_room
0.75,8000,Fixed 0.8,0.8,477.67328055822327,20.531734682912425,23.991745977213597,True,10.531734682912422,1.0,0.5,263.08533494028416,-214.5879456179391,-0.0019074484054927,1.8156590927679297,False,True,5.8997175113818505,1.7749044703386125,low_load_rich_room
0.75,8000,Development scenario near-best,0.5,263.08533494028416,7.940067875960389,11.40007917026156,False,0.0,0.0,0.5,263.08533494028416,0.0,0.0,1.0,True,True,5.8997175113818505,1.7749044703386125,low_load_rich_room
0.75,Full,Fixed 0.3,0.3,197.4584573086868,1.1500875816896574,5.296806857977321,False,0.0,0.0,0.5,1433.5411772257703,1236.0827199170835,0.0109874019548185,0.1377417408342703,True,True,0.09440001138265598,-2.3602140852517066,low_load_rich_room
0.75,Full,Fixed 0.5,0.5,1433.5411772257703,1.6430741205076984,5.789793396795362,False,0.0,0.0,0.5,1433.5411772257703,0.0,0.0,1.0,True,True,0.09440001138265598,-2.3602140852517066,low_load_rich_room
0.75,Full,Fixed 0.8,0.8,2704.24656770804,10.123240403792552,14.269959680080216,True,0.1232404037925523,0.75,0.5,1433.5411772257703,-1270.7053904822696,-0.011295159026509,1.8864101085267568,False,True,0.09440001138265598,-2.3602140852517066,low_load_rich_room
0.75,Full,Development scenario near-best,0.8,2704.24656770804,10.123240403792552,14.269959680080216,True,0.1232404037925523,0.75,0.5,1433.5411772257703,-1270.7053904822696,-0.011295159026509,1.8864101085267568,False,True,0.09440001138265598,-2.3602140852517066,low_load_rich_room
1.0,500,Fixed 0.3,0.3,-142.05604219078077,3.07618599546727,64.4947100103655,False,0.0,0.0,0.0,0.0,142.05604219078077,0.0009470402812718,,True,True,125.8606402428128,4.835175265030175,high_load_scarce_room
1.0,500,Fixed 0.5,0.5,-253.241993955518,5.382231010302533,66.80075502520076,False,0.0,0.0,0.0,0.0,253.241993955518,0.0016882799597034,,True,True,125.8606402428128,4.835175265030175,high_load_scarce_room
1.0,500,Fixed 0.8,0.8,-496.0688627995519,9.319258263505148,70.73778227840337,False,0.0,0.0,0.0,0.0,496.0688627995519,0.003307125751997,,True,True,125.8606402428128,4.835175265030175,high_load_scarce_room
1.0,500,Development scenario near-best,0.0,0.0,0.0,61.41852401489823,False,0.0,0.0,0.0,0.0,0.0,0.0,,True,True,125.8606402428128,4.835175265030175,high_load_scarce_room
1.0,2000,Fixed 0.3,0.3,-347.7260922601363,6.632933168200406,23.904848467034185,False,0.0,0.0,0.0,0.0,347.7260922601363,0.0023181739484009,,True,True,31.4651600607032,3.4488809039102843,intermediate_load
1.0,2000,Fixed 0.5,0.5,-760.5053831255063,13.493585953590792,30.76550125242457,True,3.493585953590792,1.0,0.0,0.0,760.5053831255063,0.0050700358875033,,False,True,31.4651600607032,3.4488809039102843,intermediate_load
1.0,2000,Fixed 0.8,0.8,-2231.362830868452,30.76883879396788,48.040754092801656,True,20.76883879396788,1.0,0.0,0.0,2231.362830868452,0.0148757522057896,,False,True,31.4651600607032,3.4488809039102843,intermediate_load
1.0,2000,Development scenario near-best,0.0,0.0,0.0,17.27191529883378,False,0.0,0.0,0.0,0.0,0.0,0.0,,True,True,31.4651600607032,3.4488809039102843,intermediate_load
1.0,8000,Fixed 0.3,0.3,395.9041484088302,2.941770555055922,7.29472327470096,False,0.0,0.0,0.3,395.9041484088302,0.0,0.0,1.0,True,True,7.8662900151758,2.0625865427903936,intermediate_load
1.0,8000,Fixed 0.5,0.5,307.54750823505856,8.686628731191085,13.039581450836124,False,0.0,0.0,0.3,395.9041484088302,88.35664017377167,0.0005890442678251,0.7768231514398525,True,True,7.8662900151758,2.0625865427903936,intermediate_load
1.0,8000,Fixed 0.8,0.8,94.24968583011832,21.281844838497232,25.63479755814227,True,11.281844838497232,1.0,0.3,395.9041484088302,301.6544625787119,0.0020110297505247,0.2380618798992513,False,True,7.8662900151758,2.0625865427903936,intermediate_load
1.0,8000,Development scenario near-best,0.5,307.54750823505856,8.686628731191085,13.039581450836124,False,0.0,0.0,0.3,395.9041484088302,88.35664017377167,0.0005890442678251,0.7768231514398525,True,True,7.8662900151758,2.0625865427903936,intermediate_load
1.0,Full,Fixed 0.3,0.3,822.3967009615826,0.934736637820917,5.357026002294714,False,0.0,0.0,0.5,1944.7253696365133,1122.328668674931,0.0074821911244995,0.4228857780136307,True,True,0.1258666818435413,-2.0725320127999254,low_load_rich_room
1.0,Full,Fixed 0.5,0.5,1944.7253696365133,3.4799108411706934,7.90220020564449,False,0.0,0.0,0.5,1944.7253696365133,0.0,0.0,1.0,True,True,0.1258666818435413,-2.0725320127999254,low_load_rich_room
1.0,Full,Fixed 0.8,0.8,3548.237808052645,10.129747679643865,14.55203704411766,True,0.129747679643863,1.0,0.5,1944.7253696365133,-1603.5124384161318,-0.0106900829227742,1.824544413032388,False,True,0.1258666818435413,-2.0725320127999254,low_load_rich_room
1.0,Full,Development scenario near-best,0.8,3548.237808052645,10.129747679643865,14.55203704411766,True,0.129747679643863,1.0,0.5,1944.7253696365133,-1603.5124384161318,-0.0106900829227742,1.824544413032388,False,True,0.1258666818435413,-2.0725320127999254,low_load_rich_room
1.25,500,Fixed 0.3,0.3,-148.0285010991638,2.5711932300155524,69.95721660498417,False,0.0,0.0,0.0,0.0,148.0285010991638,0.0007894853391955,,True,True,157.32580030351602,5.058318816344385,high_load_scarce_room
1.25,500,Fixed 0.5,0.5,-254.4691717930764,4.4494135897987945,71.83543696476741,False,0.0,0.0,0.0,0.0,254.4691717930764,0.0013571689162297,,True,True,157.32580030351602,5.058318816344385,high_load_scarce_room
1.25,500,Fixed 0.8,0.8,-470.0364597309176,7.41235184962558,74.7983752245942,False,0.0,0.0,0.0,0.0,470.0364597309176,0.0025068611185648,,True,True,157.32580030351602,5.058318816344385,high_load_scarce_room
1.25,500,Development scenario near-best,0.0,0.0,0.0,67.38602337496862,False,0.0,0.0,0.0,0.0,0.0,0.0,,True,True,157.32580030351602,5.058318816344385,high_load_scarce_room
1.25,2000,Fixed 0.3,0.3,-411.3217967195633,6.275650661238181,29.893041392444704,False,0.0,0.0,0.0,0.0,411.3217967195633,0.002193716249171,,True,True,39.331450075879005,3.6720244552244936,high_load_scarce_room
1.25,2000,Fixed 0.5,0.5,-823.8190626523319,12.458572944638146,36.07596367584467,True,2.4585729446381457,1.0,0.0,0.0,823.8190626523319,0.0043937016674791,,False,True,39.331450075879005,3.6720244552244936,high_load_scarce_room
1.25,2000,Fixed 0.8,0.8,-2478.834343683522,28.546775102801963,52.164165834008486,True,18.546775102801963,1.0,0.0,0.0,2478.834343683522,0.0132204498329787,,False,True,39.331450075879005,3.6720244552244936,high_load_scarce_room
1.25,2000,Development scenario near-best,0.0,0.0,0.0,23.617390731206523,False,0.0,0.0,0.0,0.0,0.0,0.0,,True,True,39.331450075879005,3.6720244552244936,high_load_scarce_room
1.25,8000,Fixed 0.3,0.3,424.5889655753017,4.256665916325305,9.273475490070142,False,0.0,0.0,0.3,424.5889655753017,0.0,0.0,1.0,True,True,9.832862518969751,2.2857300941046033,intermediate_load
1.25,8000,Fixed 0.5,0.5,207.02504576275896,9.51304537323064,14.529854946975478,False,0.0,0.0,0.3,424.5889655753017,217.56391981254276,0.0011603409056668,0.4875893217861844,True,True,9.832862518969751,2.2857300941046033,intermediate_load
1.25,8000,Fixed 0.8,0.8,-219.8718172711069,21.73195017743893,26.74875975118377,True,11.731950177438932,1.0,0.3,424.5889655753017,644.4607828464086,0.0034371241751808,-0.5178462821641845,False,True,9.832862518969751,2.2857300941046033,intermediate_load
1.25,8000,Development scenario near-best,0.5,207.02504576275896,9.51304537323064,14.529854946975478,False,0.0,0.0,0.3,424.5889655753017,217.56391981254276,0.0011603409056668,0.4875893217861844,True,True,9.832862518969751,2.2857300941046033,intermediate_load
1.25,Full,Fixed 0.3,0.3,1107.7318758632357,2.4062159410626904,6.4593688364937165,False,0.0,0.0,0.5,2205.797099034513,1098.0652231712777,0.0058563478569134,0.5021911926296823,True,True,0.15733335230442663,-1.849388461485716,low_load_rich_room
1.25,Full,Fixed 0.5,0.5,2205.797099034513,4.663201553385909,8.716354448816935,False,0.0,0.0,0.5,2205.797099034513,0.0,0.0,1.0,True,True,0.15733335230442663,-1.849388461485716,low_load_rich_room
1.25,Full,Fixed 0.8,0.8,3683.440584888984,11.535932230173996,15.589085125605022,True,1.5359322301739962,1.0,0.5,2205.797099034513,-1477.6434858544708,-0.0078807652578905,1.6698909371588355,False,True,0.15733335230442663,-1.849388461485716,low_load_rich_room
1.25,Full,Development scenario near-best,0.8,3683.440584888984,11.535932230173996,15.589085125605022,True,1.5359322301739962,1.0,0.5,2205.797099034513,-1477.6434858544708,-0.0078807652578905,1.6698909371588355,False,True,0.15733335230442663,-1.849388461485716,low_load_rich_room
1.5,500,Fixed 0.3,0.3,-148.3806694101213,2.206999402648762,73.87782731738129,False,0.0,0.0,0.0,0.0,148.3806694101213,0.0006594696418227,,True,True,188.79096036421922,5.240640373138339,high_load_scarce_room
1.5,500,Fixed 0.5,0.5,-246.99468072605669,3.766666011501144,75.43749392623367,False,0.0,0.0,0.0,0.0,246.99468072605669,0.0010977541365602,,True,True,188.79096036421922,5.240640373138339,high_load_scarce_room
1.5,500,Fixed 0.8,0.8,-448.64215575291473,6.133805462276953,77.80463337700948,False,0.0,0.0,0.0,0.0,448.64215575291473,0.0019939651366796,,True,True,188.79096036421922,5.240640373138339,high_load_scarce_room
1.5,500,Development scenario near-best,1.2,-199.5940388334957,3.627829769775957,75.29865768450848,False,0.0,0.0,0.0,0.0,199.5940388334957,0.0008870846170377,,True,True,188.79096036421922,5.240640373138339,high_load_scarce_room
1.5,2000,Fixed 0.3,0.3,-426.0008705096407,5.786067507671053,35.13880865120377,False,0.0,0.0,0.0,0.0,426.0008705096407,0.001893337202265,,True,True,47.197740091054804,3.854346012018448,high_load_scarce_room
1.5,2000,Fixed 0.5,0.5,-880.2056792354397,11.500389560716489,40.8531307042492,True,1.5003895607164883,1.0,0.0,0.0,880.2056792354397,0.0039120252410463,,False,True,47.197740091054804,3.854346012018448,high_load_scarce_room
1.5,2000,Fixed 0.8,0.8,-2645.282526768402,26.25579282470884,55.60853396824155,True,16.255792824708838,1.0,0.0,0.0,2645.282526768402,0.0117568112300817,,False,True,47.197740091054804,3.854346012018448,high_load_scarce_room
1.5,2000,Development scenario near-best,0.0,0.0,0.0,29.352741143532715,False,0.0,0.0,0.0,0.0,0.0,0.0,,True,True,47.197740091054804,3.854346012018448,high_load_scarce_room
1.5,8000,Fixed 0.3,0.3,478.8246706446116,3.63391105645596,10.087323776002023,False,0.0,0.0,0.3,478.8246706446116,0.0,0.0,1.0,True,True,11.799435022763701,2.4680516508985577,intermediate_load
1.5,8000,Fixed 0.5,0.5,95.96040157596144,9.379681115746688,15.833093835292752,False,0.0,0.0,0.3,478.8246706446116,382.8642690686502,0.0017016189736384,0.2004082234250294,True,True,11.799435022763701,2.4680516508985577,intermediate_load
1.5,8000,Fixed 0.8,0.8,-522.870780418325,21.086612455042413,27.54002517458848,True,11.086612455042411,1.0,0.3,478.8246706446116,1001.6954510629366,0.0044519797825019,-1.0919879707000413,False,True,11.799435022763701,2.4680516508985577,intermediate_load
1.5,8000,Development scenario near-best,0.5,95.96040157596144,9.379681115746688,15.833093835292752,False,0.0,0.0,0.3,478.8246706446116,382.8642690686502,0.0017016189736384,0.2004082234250294,True,True,11.799435022763701,2.4680516508985577,intermediate_load
1.5,Full,Fixed 0.3,0.3,1284.0507325571125,2.2790570964011687,6.588225055259268,False,0.0,0.0,0.5,2240.427132518773,956.3763999616604,0.0042505617776073,0.573127647813091,True,True,0.18880002276531196,-1.6670669046917612,low_load_rich_room
1.5,Full,Fixed 0.5,0.5,2240.427132518773,5.144471033724985,9.453638992583084,False,0.0,0.0,0.5,2240.427132518773,0.0,0.0,1.0,True,True,0.18880002276531196,-1.6670669046917612,low_load_rich_room
1.5,Full,Fixed 0.8,0.8,3591.4377823350587,12.146791250185556,16.455959209043655,True,2.146791250185556,1.0,0.5,2240.427132518773,-1351.010649816286,-0.0060044917769612,1.6030147690174723,False,True,0.18880002276531196,-1.6670669046917612,low_load_rich_room
1.5,Full,Development scenario near-best,0.8,3591.4377823350587,12.146791250185556,16.455959209043655,True,2.146791250185556,1.0,0.5,2240.427132518773,-1351.010649816286,-0.0060044917769612,1.6030147690174723,False,True,0.18880002276531196,-1.6670669046917612,low_load_rich_room
