load_regime,policy,cells,mean_value_gain,mean_extra_ud_pp,mean_violation_rate,mean_violation_severity_pp,worst_value_gain
high_load_scarce_room,Development scenario near-best,7,-28.513434119070812,0.5182613956822796,0.0,0.0,-199.5940388334957
high_load_scarce_room,Fixed 0.3,7,-213.74875794914118,4.0791362110304386,0.0,0.0,-426.0008705096407
high_load_scarce_room,Fixed 0.5,7,-415.1614293549545,7.64146886514183,0.2857142857142857,0.5655660721935192,-880.2056792354397
high_load_scarce_room,Fixed 0.8,7,-1083.5233232471967,15.376744762032818,0.5714285714285714,6.39597110840315,-2645.282526768402
intermediate_load,Development scenario near-best,6,98.54527131047855,5.487336959249788,0.0,0.0,-19.261327710907608
intermediate_load,Fixed 0.3,6,118.14822819409544,4.913883457369663,0.0,0.0,-347.7260922601363
intermediate_load,Fixed 0.5,6,-166.43345524632923,11.185339263046105,0.5,1.5887800596847033,-760.5053831255063
intermediate_load,Fixed 0.8,6,-957.7440964726434,26.1642766602932,1.0,16.164276660293208,-2231.362830868452
low_load_rich_room,Development scenario near-best,7,2339.040081994845,9.721634532635871,0.5714285714285714,0.5622445091137097,263.08533494028416
low_load_rich_room,Fixed 0.3,7,598.1491228404511,1.4494951440064427,0.0,0.0,134.8026577278306
low_load_rich_room,Fixed 0.5,7,1349.423735593581,4.497189679805355,0.0,0.0,263.08533494028416
low_load_rich_room,Fixed 0.8,7,2402.7570110882193,13.637775473303416,0.8571428571428571,3.668747891822879,477.67328055822327
